ticket_id,api_error_type,error_code,request_method,response_time_ms,retry_count
T008700,500 Server Error,ERR_SCHEMA,POST,801,0
T003831,500 Server Error,ERR_SCHEMA,GET,1135,1
T005246,Rate Limit,ERR_RATE,POST,72,0
T007599,Timeout,ERR_500,POST,216,1
T006444,Rate Limit,ERR_AUTH,GET,398,1
T006468,Rate Limit,ERR_SCHEMA,GET,310,1
T006565,Timeout,ERR_RATE,GET,2325,1
T001225,Rate Limit,ERR_500,GET,88,1
T008653,Rate Limit,ERR_PAYLOAD,GET,265,0
T002467,500 Server Error,ERR_500,GET,94,0
T000161,Rate Limit,ERR_SCHEMA,GET,333,1
T002239,Rate Limit,ERR_PAYLOAD,POST,102,0
T002941,Rate Limit,ERR_PAYLOAD,GET,386,1
T002605,Auth Failure,ERR_TIMEOUT,POST,305,1
T000750,Payload Error,ERR_TIMEOUT,POST,57,0
T005650,Rate Limit,ERR_PAYLOAD,GET,76,0
T006625,500 Server Error,ERR_TIMEOUT,PUT,197,0
T006289,Rate Limit,ERR_500,GET,363,1
T008850,Timeout,ERR_AUTH,POST,51,2
T000308,Timeout,ERR_AUTH,PUT,100,0
T000338,Rate Limit,ERR_500,PUT,39,2
T007121,Payload Error,ERR_500,GET,28,1
T004807,Timeout,ERR_TIMEOUT,GET,168,0
T009173,Rate Limit,ERR_AUTH,POST,75,1
T003082,Timeout,ERR_SCHEMA,DELETE,103,1
T006552,Payload Error,ERR_AUTH,POST,297,0
T004498,Auth Failure,ERR_RATE,GET,339,0
T005131,Auth Failure,ERR_SCHEMA,POST,10,0
T008369,Timeout,ERR_AUTH,POST,125,0
T000692,Auth Failure,ERR_AUTH,POST,133,3
T008620,Auth Failure,ERR_TIMEOUT,PUT,629,0
T008257,Timeout,ERR_TIMEOUT,PUT,179,1
T002877,Auth Failure,ERR_AUTH,PUT,126,0
T006433,500 Server Error,ERR_SCHEMA,PUT,58,0
T000913,Payload Error,ERR_PAYLOAD,GET,555,0
T005292,Rate Limit,ERR_RATE,GET,629,1
T004507,Schema Mismatch,ERR_PAYLOAD,GET,1099,1
T004371,Timeout,ERR_RATE,POST,651,0
T006437,Auth Failure,ERR_500,GET,441,1
T010811,Auth Failure,ERR_RATE,GET,204,0
T001012,Rate Limit,ERR_500,GET,385,2
T009083,500 Server Error,ERR_SCHEMA,POST,275,1
T006354,Timeout,ERR_500,GET,416,1
T000300,Payload Error,ERR_TIMEOUT,GET,367,0
T004190,Auth Failure,ERR_SCHEMA,GET,182,0
T001499,Rate Limit,ERR_500,PUT,192,0
T004813,Payload Error,ERR_PAYLOAD,PUT,317,2
T004133,Auth Failure,ERR_SCHEMA,POST,602,1
T003633,500 Server Error,ERR_RATE,GET,181,0
T002514,Rate Limit,ERR_TIMEOUT,GET,141,0
T000155,Auth Failure,ERR_AUTH,PUT,574,0
T001783,Auth Failure,ERR_RATE,PUT,102,2
T005650,500 Server Error,ERR_SCHEMA,POST,741,0
T005889,500 Server Error,ERR_PAYLOAD,POST,232,2
T006511,500 Server Error,ERR_500,GET,135,0
T000083,Auth Failure,ERR_SCHEMA,POST,153,3
T006817,500 Server Error,ERR_TIMEOUT,GET,236,0
T010087,Auth Failure,ERR_SCHEMA,GET,116,0
T010380,Rate Limit,ERR_AUTH,DELETE,447,0
T003414,Payload Error,ERR_RATE,PUT,1194,3
T007623,500 Server Error,ERR_RATE,PUT,516,0
T005990,500 Server Error,ERR_TIMEOUT,GET,39,1
T009776,Rate Limit,ERR_SCHEMA,GET,119,0
T006405,Rate Limit,ERR_TIMEOUT,POST,216,0
T008720,500 Server Error,ERR_TIMEOUT,GET,643,2
T004063,Timeout,ERR_AUTH,POST,186,0
T010992,Auth Failure,ERR_PAYLOAD,GET,116,1
T007420,Auth Failure,ERR_500,PUT,448,0
T010969,Auth Failure,ERR_SCHEMA,DELETE,403,1
T010291,Payload Error,ERR_TIMEOUT,POST,45,1
T007406,Rate Limit,ERR_PAYLOAD,GET,53,1
T001866,Timeout,ERR_SCHEMA,GET,212,1
T008231,Schema Mismatch,ERR_500,GET,585,0
T003517,Timeout,ERR_PAYLOAD,GET,98,0
T010275,Auth Failure,ERR_TIMEOUT,PUT,301,0
T000629,Rate Limit,ERR_TIMEOUT,GET,167,1
T005844,Rate Limit,ERR_RATE,GET,7,0
T002868,Auth Failure,ERR_500,GET,190,0
T003338,Auth Failure,ERR_RATE,GET,302,0
T008378,Rate Limit,ERR_RATE,GET,603,0
T001573,Payload Error,ERR_500,GET,101,0
T006647,Timeout,ERR_RATE,DELETE,267,0
T000751,Timeout,ERR_RATE,POST,782,0
T004135,Auth Failure,ERR_RATE,POST,276,0
T001946,500 Server Error,ERR_500,PUT,713,0
T009500,Schema Mismatch,ERR_SCHEMA,POST,269,0
T004914,500 Server Error,ERR_PAYLOAD,GET,282,2
T004225,Rate Limit,ERR_PAYLOAD,POST,379,2
T009083,Timeout,ERR_AUTH,GET,415,0
T002183,Auth Failure,ERR_PAYLOAD,PUT,212,0
T005134,Timeout,ERR_AUTH,POST,313,1
T008882,Auth Failure,ERR_AUTH,PUT,357,0
T009093,Rate Limit,ERR_500,POST,51,2
T010130,Auth Failure,ERR_AUTH,GET,108,0
T005470,Timeout,ERR_PAYLOAD,PUT,673,0
T000528,Auth Failure,ERR_PAYLOAD,GET,82,0
T009532,Schema Mismatch,ERR_PAYLOAD,GET,304,0
T002146,Auth Failure,ERR_TIMEOUT,PUT,16,1
T005945,Auth Failure,ERR_TIMEOUT,GET,519,0
T001413,Timeout,ERR_500,GET,268,1
T006405,Rate Limit,ERR_TIMEOUT,DELETE,210,1
T000486,Rate Limit,ERR_PAYLOAD,GET,405,1
T010792,Auth Failure,ERR_RATE,POST,431,0
T008633,Payload Error,ERR_RATE,POST,84,0
T006499,Timeout,ERR_TIMEOUT,GET,1116,1
T001164,Schema Mismatch,ERR_PAYLOAD,GET,727,0
T008972,Auth Failure,ERR_RATE,GET,71,1
T007010,Timeout,ERR_500,GET,119,0
T002077,Rate Limit,ERR_RATE,DELETE,141,0
T009531,500 Server Error,ERR_RATE,GET,459,0
T008754,Auth Failure,ERR_AUTH,PUT,121,0
T001024,Payload Error,ERR_AUTH,PUT,331,1
T007609,Timeout,ERR_PAYLOAD,POST,321,0
T008485,Auth Failure,ERR_TIMEOUT,GET,250,2
T000212,Payload Error,ERR_AUTH,POST,290,0
T002166,500 Server Error,ERR_TIMEOUT,POST,77,2
T008069,Timeout,ERR_500,GET,49,0
T004775,Rate Limit,ERR_SCHEMA,GET,122,0
T005469,Auth Failure,ERR_PAYLOAD,GET,200,0
T009247,Rate Limit,ERR_AUTH,GET,228,0
T002157,Payload Error,ERR_AUTH,GET,57,0
T001228,Timeout,ERR_RATE,GET,361,1
T003833,Timeout,ERR_500,GET,30,1
T000586,Timeout,ERR_500,GET,1299,3
T001725,Schema Mismatch,ERR_SCHEMA,POST,469,2
T000631,Timeout,ERR_AUTH,GET,696,0
T009383,Auth Failure,ERR_SCHEMA,GET,186,1
T000417,Payload Error,ERR_AUTH,GET,922,0
T004098,Rate Limit,ERR_RATE,POST,1246,0
T003552,Schema Mismatch,ERR_RATE,POST,193,1
T001839,Rate Limit,ERR_AUTH,PUT,544,0
T006675,500 Server Error,ERR_TIMEOUT,GET,333,1
T009123,Rate Limit,ERR_PAYLOAD,PUT,67,0
T001862,500 Server Error,ERR_PAYLOAD,GET,154,0
T005371,Auth Failure,ERR_RATE,GET,378,0
T006401,Auth Failure,ERR_PAYLOAD,GET,51,0
T004575,Rate Limit,ERR_PAYLOAD,POST,116,0
T001788,Payload Error,ERR_500,POST,119,1
T002074,Timeout,ERR_AUTH,DELETE,161,0
T008720,Schema Mismatch,ERR_AUTH,GET,0,1
T000535,Auth Failure,ERR_AUTH,GET,107,0
T000957,Timeout,ERR_RATE,GET,70,0
T007716,Payload Error,ERR_500,GET,841,1
T001419,Schema Mismatch,ERR_PAYLOAD,GET,539,0
T006974,Payload Error,ERR_500,POST,224,0
T010157,Auth Failure,ERR_RATE,POST,28,0
T005235,Schema Mismatch,ERR_TIMEOUT,GET,879,1
T008077,Auth Failure,ERR_RATE,POST,148,0
T005511,Timeout,ERR_AUTH,POST,440,2
T003070,Auth Failure,ERR_SCHEMA,POST,76,1
T003924,Auth Failure,ERR_TIMEOUT,POST,297,0
T006888,Payload Error,ERR_TIMEOUT,GET,173,0
T009388,500 Server Error,ERR_500,POST,212,2
T006765,Rate Limit,ERR_TIMEOUT,GET,67,2
T009904,Timeout,ERR_AUTH,POST,617,2
T006424,500 Server Error,ERR_AUTH,GET,349,0
T006934,Timeout,ERR_AUTH,POST,157,0
T004007,Timeout,ERR_RATE,GET,136,0
T002302,Rate Limit,ERR_500,POST,17,0
T002341,Rate Limit,ERR_RATE,GET,150,0
T001012,500 Server Error,ERR_PAYLOAD,POST,77,2
T010275,500 Server Error,ERR_AUTH,POST,552,1
T007997,Payload Error,ERR_500,GET,105,0
T003499,Schema Mismatch,ERR_AUTH,PUT,261,1
T003346,Rate Limit,ERR_TIMEOUT,GET,313,1
T003684,Rate Limit,ERR_500,GET,283,0
T008774,Rate Limit,ERR_500,PUT,290,0
T001215,Payload Error,ERR_SCHEMA,GET,464,2
T005015,500 Server Error,ERR_PAYLOAD,POST,175,0
T008413,Rate Limit,ERR_RATE,PUT,50,3
T006382,500 Server Error,ERR_RATE,GET,204,3
T000550,Auth Failure,ERR_AUTH,POST,4,1
T001059,Timeout,ERR_AUTH,GET,389,0
T009135,Timeout,ERR_TIMEOUT,POST,30,0
T005173,Auth Failure,ERR_TIMEOUT,POST,99,0
T003055,Auth Failure,ERR_500,GET,130,0
T007892,500 Server Error,ERR_TIMEOUT,PUT,578,2
T005563,Rate Limit,ERR_PAYLOAD,DELETE,439,1
T009805,Timeout,ERR_500,POST,601,1
T009440,Timeout,ERR_RATE,GET,1521,1
T003424,Timeout,ERR_SCHEMA,POST,251,3
T002787,Timeout,ERR_TIMEOUT,GET,47,1
T004275,Timeout,ERR_TIMEOUT,GET,206,0
T009924,500 Server Error,ERR_TIMEOUT,GET,571,0
T000996,500 Server Error,ERR_AUTH,POST,105,1
T003825,Auth Failure,ERR_AUTH,GET,257,0
T009142,Timeout,ERR_SCHEMA,GET,50,1
T001746,Timeout,ERR_PAYLOAD,GET,50,0
T000576,Rate Limit,ERR_PAYLOAD,GET,276,0
T005970,Schema Mismatch,ERR_TIMEOUT,PUT,868,0
T000941,Timeout,ERR_AUTH,GET,90,0
T008312,Timeout,ERR_TIMEOUT,GET,344,1
T009435,Auth Failure,ERR_PAYLOAD,POST,459,0
T002835,Rate Limit,ERR_500,POST,89,2
T002965,Auth Failure,ERR_AUTH,GET,82,0
T008921,Rate Limit,ERR_SCHEMA,GET,489,1
T002518,Timeout,ERR_TIMEOUT,GET,22,2
T008399,Timeout,ERR_SCHEMA,POST,118,1
T006074,Timeout,ERR_500,GET,222,1
T000236,Payload Error,ERR_TIMEOUT,GET,94,1
T003276,500 Server Error,ERR_SCHEMA,GET,32,1
T001288,Auth Failure,ERR_SCHEMA,GET,683,1
T000024,500 Server Error,ERR_RATE,GET,180,3
T002432,Payload Error,ERR_500,PUT,53,1
T005747,Payload Error,ERR_TIMEOUT,GET,1064,0
T009673,Auth Failure,ERR_PAYLOAD,POST,707,0
T000280,Schema Mismatch,ERR_SCHEMA,GET,96,0
T008304,Payload Error,ERR_RATE,GET,11,0
T010150,500 Server Error,ERR_PAYLOAD,GET,117,2
T009906,Timeout,ERR_500,GET,32,0
T003537,500 Server Error,ERR_PAYLOAD,PUT,172,0
T008391,Rate Limit,ERR_PAYLOAD,GET,249,0
T006649,Schema Mismatch,ERR_500,POST,18,0
T002539,Rate Limit,ERR_PAYLOAD,GET,1145,0
T004354,Rate Limit,ERR_500,POST,206,1
T010087,Rate Limit,ERR_TIMEOUT,POST,317,2
T006844,Timeout,ERR_AUTH,GET,92,1
T004905,Timeout,ERR_SCHEMA,GET,274,0
T010609,Timeout,ERR_PAYLOAD,GET,195,0
T003187,Auth Failure,ERR_RATE,GET,581,0
T001381,Auth Failure,ERR_500,GET,73,1
T008442,Auth Failure,ERR_PAYLOAD,GET,0,1
T006675,Timeout,ERR_500,GET,59,0
T008808,Timeout,ERR_RATE,POST,76,0
T002146,Rate Limit,ERR_TIMEOUT,DELETE,173,0
T005866,Rate Limit,ERR_PAYLOAD,PUT,141,2
T001824,Timeout,ERR_500,PUT,96,0
T004243,Rate Limit,ERR_SCHEMA,GET,102,2
T006956,Schema Mismatch,ERR_AUTH,GET,68,3
T006915,Auth Failure,ERR_PAYLOAD,POST,23,1
T005287,Timeout,ERR_PAYLOAD,PUT,447,0
T000580,Schema Mismatch,ERR_TIMEOUT,GET,10,0
T000346,Rate Limit,ERR_AUTH,GET,295,2
T009813,Timeout,ERR_500,GET,593,1
T003440,Payload Error,ERR_500,GET,141,0
T010886,Timeout,ERR_SCHEMA,GET,278,0
T002044,Timeout,ERR_AUTH,GET,295,0
T000548,500 Server Error,ERR_SCHEMA,POST,38,0
T005203,Schema Mismatch,ERR_RATE,POST,75,1
T003256,Auth Failure,ERR_PAYLOAD,POST,70,1
T007563,Timeout,ERR_500,GET,35,1
T007604,Rate Limit,ERR_500,POST,326,0
T003745,500 Server Error,ERR_TIMEOUT,GET,185,1
T002259,Rate Limit,ERR_AUTH,POST,140,0
T010106,Auth Failure,ERR_PAYLOAD,GET,600,0
T009532,500 Server Error,ERR_TIMEOUT,GET,886,0
T003170,Rate Limit,ERR_RATE,PUT,202,0
T001305,500 Server Error,ERR_500,PUT,556,0
T009544,Timeout,ERR_TIMEOUT,PUT,737,1
T003629,Rate Limit,ERR_RATE,POST,111,3
T003219,Payload Error,ERR_PAYLOAD,POST,6,1
T005361,500 Server Error,ERR_TIMEOUT,GET,387,0
T007321,Rate Limit,ERR_AUTH,PUT,106,0
T001944,Timeout,ERR_AUTH,GET,7,1
T008091,Rate Limit,ERR_TIMEOUT,POST,153,0
T005259,Payload Error,ERR_SCHEMA,PUT,197,0
T008888,Payload Error,ERR_AUTH,GET,150,0
T000760,Rate Limit,ERR_RATE,PUT,96,0
T004400,Schema Mismatch,ERR_TIMEOUT,PUT,585,3
T009299,Timeout,ERR_PAYLOAD,GET,213,0
T004835,500 Server Error,ERR_500,GET,468,0
T001592,Timeout,ERR_500,DELETE,123,0
T004730,Payload Error,ERR_TIMEOUT,GET,108,0
T006875,500 Server Error,ERR_TIMEOUT,GET,484,3
T004783,Payload Error,ERR_RATE,PUT,716,0
T010496,Auth Failure,ERR_RATE,GET,391,0
T010738,Timeout,ERR_TIMEOUT,POST,124,0
T004298,Timeout,ERR_AUTH,PUT,843,1
T002868,Schema Mismatch,ERR_SCHEMA,GET,411,2
T001858,Rate Limit,ERR_PAYLOAD,GET,284,1
T007057,Timeout,ERR_PAYLOAD,POST,219,0
T010608,Timeout,ERR_RATE,GET,301,1
T006459,Auth Failure,ERR_AUTH,GET,12,0
T002908,Timeout,ERR_RATE,POST,316,3
T005925,Auth Failure,ERR_SCHEMA,DELETE,101,0
T002395,Timeout,ERR_TIMEOUT,GET,156,0
T003845,Rate Limit,ERR_TIMEOUT,POST,259,1
T010782,Timeout,ERR_PAYLOAD,POST,107,0
T000985,Timeout,ERR_TIMEOUT,POST,66,2
T003829,Payload Error,ERR_TIMEOUT,POST,71,0
T003572,Timeout,ERR_AUTH,POST,1060,1
T006084,Schema Mismatch,ERR_TIMEOUT,GET,49,3
T004526,Rate Limit,ERR_PAYLOAD,POST,411,1
T001687,Auth Failure,ERR_500,GET,821,0
T010306,Auth Failure,ERR_PAYLOAD,POST,673,3
T008391,500 Server Error,ERR_SCHEMA,POST,232,1
T006970,Payload Error,ERR_AUTH,GET,139,3
T007997,Rate Limit,ERR_TIMEOUT,POST,194,0
T000115,500 Server Error,ERR_TIMEOUT,DELETE,6,0
T009906,Schema Mismatch,ERR_TIMEOUT,DELETE,333,2
T003492,Rate Limit,ERR_SCHEMA,GET,280,2
T009664,Auth Failure,ERR_RATE,GET,167,0
T007047,Timeout,ERR_RATE,POST,1108,0
T008321,500 Server Error,ERR_500,GET,57,0
T006913,Payload Error,ERR_RATE,GET,261,2
T010934,Timeout,ERR_RATE,GET,245,0
T000331,Rate Limit,ERR_SCHEMA,GET,34,1
T002796,Timeout,ERR_AUTH,DELETE,192,1
T002866,Schema Mismatch,ERR_PAYLOAD,GET,14,0
T008070,Auth Failure,ERR_PAYLOAD,GET,165,0
T003440,Timeout,ERR_500,GET,5,0
T009345,Timeout,ERR_AUTH,GET,48,0
T002856,Timeout,ERR_SCHEMA,GET,185,0
T003571,500 Server Error,ERR_SCHEMA,POST,411,2
T006624,Payload Error,ERR_TIMEOUT,PUT,211,0
T004824,Auth Failure,ERR_SCHEMA,GET,227,1
T010065,Rate Limit,ERR_SCHEMA,POST,143,1
T008442,Auth Failure,ERR_500,GET,278,2
T009510,500 Server Error,ERR_SCHEMA,GET,515,0
T005091,Rate Limit,ERR_PAYLOAD,GET,715,0
T008356,Schema Mismatch,ERR_PAYLOAD,PUT,1524,0
T004849,Payload Error,ERR_SCHEMA,POST,418,0
T007108,Timeout,ERR_SCHEMA,POST,36,1
T003744,Payload Error,ERR_PAYLOAD,GET,47,0
T007328,Timeout,ERR_TIMEOUT,PUT,206,1
T008807,Timeout,ERR_SCHEMA,GET,337,0
T004298,Auth Failure,ERR_PAYLOAD,GET,41,0
T009102,Timeout,ERR_AUTH,GET,152,1
T010096,Auth Failure,ERR_500,PUT,262,0
T006596,500 Server Error,ERR_RATE,GET,67,0
T007447,Rate Limit,ERR_RATE,POST,360,0
T008417,Auth Failure,ERR_PAYLOAD,POST,124,3
T008917,Rate Limit,ERR_RATE,POST,94,1
T003814,Timeout,ERR_RATE,DELETE,22,1
T008791,Payload Error,ERR_PAYLOAD,POST,344,0
T006975,Auth Failure,ERR_PAYLOAD,POST,73,2
T005730,Rate Limit,ERR_RATE,POST,37,0
T001761,Timeout,ERR_RATE,POST,108,0
T005589,500 Server Error,ERR_TIMEOUT,DELETE,392,0
T010517,Schema Mismatch,ERR_TIMEOUT,GET,99,0
T003020,500 Server Error,ERR_SCHEMA,GET,9,0
T002739,Timeout,ERR_PAYLOAD,GET,281,0
T008871,Schema Mismatch,ERR_TIMEOUT,POST,260,1
T007121,Rate Limit,ERR_RATE,PUT,608,0
T009586,Payload Error,ERR_500,GET,54,0
T001934,Auth Failure,ERR_PAYLOAD,GET,889,1
T007541,Auth Failure,ERR_PAYLOAD,GET,15,0
T001225,Timeout,ERR_SCHEMA,GET,251,0
T010224,Schema Mismatch,ERR_PAYLOAD,GET,455,1
T006064,Timeout,ERR_TIMEOUT,GET,432,0
T000404,500 Server Error,ERR_RATE,GET,321,1
T004742,Auth Failure,ERR_RATE,POST,987,3
T009948,Rate Limit,ERR_SCHEMA,POST,168,2
T004023,Payload Error,ERR_RATE,POST,321,0
T002378,Auth Failure,ERR_PAYLOAD,GET,39,1
T001432,Auth Failure,ERR_TIMEOUT,PUT,131,1
T007846,Timeout,ERR_SCHEMA,POST,37,0
T005451,Auth Failure,ERR_SCHEMA,POST,251,0
T002491,Payload Error,ERR_500,POST,644,0
T002786,Payload Error,ERR_RATE,GET,132,0
T005939,Rate Limit,ERR_TIMEOUT,GET,357,2
T009165,Rate Limit,ERR_RATE,PUT,86,0
T004730,Timeout,ERR_SCHEMA,PUT,243,0
T001134,Rate Limit,ERR_PAYLOAD,GET,46,1
T010136,Payload Error,ERR_TIMEOUT,GET,3,0
T005244,Auth Failure,ERR_TIMEOUT,GET,1402,3
T006433,Payload Error,ERR_AUTH,POST,548,0
T003027,Timeout,ERR_RATE,POST,298,0
T002161,Auth Failure,ERR_SCHEMA,POST,92,1
T008700,Schema Mismatch,ERR_TIMEOUT,GET,409,2
T004380,Schema Mismatch,ERR_PAYLOAD,GET,32,1
T007155,Rate Limit,ERR_AUTH,PUT,300,0
T004607,Rate Limit,ERR_RATE,POST,488,2
T000001,500 Server Error,ERR_PAYLOAD,GET,335,0
T004272,Schema Mismatch,ERR_TIMEOUT,GET,429,0
T002462,Timeout,ERR_RATE,GET,23,0
T007119,Auth Failure,ERR_AUTH,GET,12,0
T002194,Schema Mismatch,ERR_SCHEMA,GET,169,1
T003609,Rate Limit,ERR_TIMEOUT,DELETE,470,1
T001950,500 Server Error,ERR_TIMEOUT,GET,107,2
T001164,500 Server Error,ERR_AUTH,GET,402,0
T006725,Auth Failure,ERR_RATE,PUT,22,2
T004480,Schema Mismatch,ERR_500,GET,319,3
T002526,Timeout,ERR_PAYLOAD,POST,772,1
T008485,Payload Error,ERR_SCHEMA,GET,184,2
T002722,Rate Limit,ERR_TIMEOUT,POST,17,2
T010569,Auth Failure,ERR_AUTH,GET,382,0
T001866,Rate Limit,ERR_PAYLOAD,PUT,645,1
T007356,Rate Limit,ERR_SCHEMA,PUT,135,1
T006262,Auth Failure,ERR_SCHEMA,GET,139,1
T010235,Auth Failure,ERR_AUTH,PUT,120,0
T000128,Auth Failure,ERR_TIMEOUT,GET,33,2
T000752,Payload Error,ERR_SCHEMA,GET,109,1
T009620,500 Server Error,ERR_TIMEOUT,GET,165,0
T000155,Timeout,ERR_TIMEOUT,GET,162,1
T001858,500 Server Error,ERR_500,GET,69,1
T005854,Schema Mismatch,ERR_SCHEMA,POST,243,0
T004619,Schema Mismatch,ERR_SCHEMA,POST,233,0
T003014,Auth Failure,ERR_500,GET,144,0
T009455,Schema Mismatch,ERR_RATE,PUT,819,1
T006857,Timeout,ERR_SCHEMA,GET,1009,0
T003549,Auth Failure,ERR_TIMEOUT,GET,341,0
T002752,Rate Limit,ERR_SCHEMA,GET,100,1
T005844,Timeout,ERR_PAYLOAD,PUT,835,1
T007285,500 Server Error,ERR_RATE,GET,383,0
T001249,Auth Failure,ERR_RATE,PUT,174,0
T005498,Timeout,ERR_RATE,GET,633,0
T010789,Rate Limit,ERR_500,GET,50,2
T006124,Auth Failure,ERR_PAYLOAD,GET,328,0
T005637,Schema Mismatch,ERR_PAYLOAD,GET,97,0
T010569,Payload Error,ERR_PAYLOAD,GET,240,0
T004575,Payload Error,ERR_SCHEMA,GET,102,1
T000516,Rate Limit,ERR_SCHEMA,GET,259,0
T010689,Timeout,ERR_RATE,DELETE,168,0
T004323,Auth Failure,ERR_TIMEOUT,POST,262,1
T009972,Rate Limit,ERR_SCHEMA,PUT,23,3
T002965,Timeout,ERR_AUTH,GET,0,1
T004266,Auth Failure,ERR_500,POST,458,0
T003246,Rate Limit,ERR_TIMEOUT,GET,96,3
T006647,Payload Error,ERR_RATE,GET,356,0
T007300,Auth Failure,ERR_RATE,PUT,11,0
T001432,Auth Failure,ERR_AUTH,GET,325,0
T006030,500 Server Error,ERR_TIMEOUT,POST,377,0
T008959,Auth Failure,ERR_PAYLOAD,GET,369,0
T005061,Timeout,ERR_SCHEMA,POST,570,2
T006151,500 Server Error,ERR_500,DELETE,596,0
T003977,Auth Failure,ERR_AUTH,POST,67,0
T010295,Schema Mismatch,ERR_PAYLOAD,POST,259,0
T003419,Rate Limit,ERR_SCHEMA,GET,6,1
T005061,Timeout,ERR_RATE,GET,27,0
T008339,500 Server Error,ERR_AUTH,GET,162,0
T000594,Auth Failure,ERR_PAYLOAD,POST,11,2
T009161,Timeout,ERR_TIMEOUT,POST,127,1
T006866,Rate Limit,ERR_RATE,GET,306,0
T004471,Timeout,ERR_SCHEMA,GET,506,0
T009904,Schema Mismatch,ERR_AUTH,PUT,171,3
T001164,500 Server Error,ERR_SCHEMA,GET,199,1
T006499,Auth Failure,ERR_TIMEOUT,PUT,1,0
T000150,500 Server Error,ERR_500,GET,603,1
T007946,Rate Limit,ERR_RATE,POST,1242,0
T007609,Schema Mismatch,ERR_PAYLOAD,DELETE,179,0
T000760,500 Server Error,ERR_AUTH,POST,108,1
T007366,Schema Mismatch,ERR_AUTH,POST,58,0
T005282,Auth Failure,ERR_AUTH,GET,387,0
T002468,Payload Error,ERR_RATE,GET,158,0
T006408,Auth Failure,ERR_AUTH,GET,123,2
T004426,Auth Failure,ERR_RATE,GET,267,0
T000347,Timeout,ERR_PAYLOAD,GET,500,2
T008144,Payload Error,ERR_RATE,GET,370,0
T001499,Schema Mismatch,ERR_SCHEMA,GET,499,1
T008856,Timeout,ERR_RATE,GET,227,0
T008005,Payload Error,ERR_RATE,GET,257,0
T001569,Schema Mismatch,ERR_RATE,GET,3,2
T009757,Rate Limit,ERR_AUTH,POST,168,1
T000954,Timeout,ERR_500,POST,487,0
T002941,Schema Mismatch,ERR_RATE,PUT,290,0
T007400,Schema Mismatch,ERR_RATE,GET,352,1
T002797,Timeout,ERR_AUTH,GET,48,0
T005777,Schema Mismatch,ERR_AUTH,GET,736,2
T007303,Auth Failure,ERR_RATE,GET,414,2
T003440,Auth Failure,ERR_SCHEMA,GET,683,0
T003987,Rate Limit,ERR_500,GET,102,1
T008620,Auth Failure,ERR_500,PUT,263,2
T008851,Timeout,ERR_AUTH,POST,488,0
T003246,500 Server Error,ERR_TIMEOUT,POST,161,0
T000936,500 Server Error,ERR_500,PUT,124,0
T002840,Rate Limit,ERR_SCHEMA,GET,155,1
T005361,Auth Failure,ERR_TIMEOUT,POST,303,3
T001746,500 Server Error,ERR_RATE,GET,138,0
T006958,Schema Mismatch,ERR_AUTH,POST,74,3
T009812,Schema Mismatch,ERR_SCHEMA,GET,212,0
T003338,Rate Limit,ERR_PAYLOAD,GET,21,1
T010496,Payload Error,ERR_TIMEOUT,POST,705,1
T001462,Timeout,ERR_TIMEOUT,POST,810,0
T002518,Auth Failure,ERR_TIMEOUT,POST,1244,0
T003440,Schema Mismatch,ERR_AUTH,GET,424,0
T010257,Rate Limit,ERR_AUTH,GET,486,2
T006446,Rate Limit,ERR_PAYLOAD,GET,547,1
T002956,Timeout,ERR_PAYLOAD,POST,57,1
T007590,Rate Limit,ERR_RATE,GET,68,0
T003571,Timeout,ERR_PAYLOAD,GET,514,0
T005244,500 Server Error,ERR_500,PUT,161,0
T010323,Payload Error,ERR_SCHEMA,GET,470,0
T000750,500 Server Error,ERR_SCHEMA,PUT,46,0
T006349,Timeout,ERR_500,GET,15,2
T002216,Rate Limit,ERR_TIMEOUT,GET,151,1
T007233,Auth Failure,ERR_AUTH,GET,95,0
T008420,Auth Failure,ERR_SCHEMA,PUT,500,0
T000013,500 Server Error,ERR_PAYLOAD,POST,746,1
T005854,Rate Limit,ERR_500,POST,318,3
T001835,Payload Error,ERR_AUTH,GET,33,3
T001664,Auth Failure,ERR_PAYLOAD,DELETE,4,1
T007894,Rate Limit,ERR_RATE,GET,452,0
T006521,Auth Failure,ERR_500,GET,615,0
T001720,Auth Failure,ERR_PAYLOAD,GET,885,0
T002844,500 Server Error,ERR_AUTH,POST,379,0
T010815,Auth Failure,ERR_TIMEOUT,POST,9,2
T003462,Schema Mismatch,ERR_PAYLOAD,POST,195,1
T007336,Payload Error,ERR_PAYLOAD,PUT,202,0
T002125,Timeout,ERR_RATE,POST,13,0
T005997,Timeout,ERR_500,GET,725,0
T006074,500 Server Error,ERR_AUTH,GET,433,2
T006174,Timeout,ERR_SCHEMA,POST,68,0
T007471,Timeout,ERR_TIMEOUT,GET,316,0
T009972,Rate Limit,ERR_RATE,GET,502,3
T002199,Timeout,ERR_500,POST,577,0
T006198,Timeout,ERR_PAYLOAD,POST,607,2
T001484,500 Server Error,ERR_SCHEMA,POST,460,0
T007749,Auth Failure,ERR_RATE,GET,289,0
T006497,Schema Mismatch,ERR_RATE,POST,27,0
T005563,Auth Failure,ERR_TIMEOUT,POST,90,1
T002298,Timeout,ERR_TIMEOUT,GET,228,0
T004532,Rate Limit,ERR_PAYLOAD,GET,137,3
T004995,Rate Limit,ERR_TIMEOUT,GET,372,0
T000808,Timeout,ERR_AUTH,POST,37,1
T007325,Rate Limit,ERR_RATE,GET,861,2
T008879,500 Server Error,ERR_AUTH,GET,124,0
T003636,Timeout,ERR_TIMEOUT,GET,218,0
T005371,Auth Failure,ERR_AUTH,POST,122,0
T008582,Timeout,ERR_SCHEMA,POST,480,0
T007561,Timeout,ERR_RATE,PUT,50,0
T010161,Auth Failure,ERR_TIMEOUT,PUT,131,0
T007456,500 Server Error,ERR_TIMEOUT,POST,286,1
T008798,Rate Limit,ERR_TIMEOUT,PUT,14,0
T009928,Timeout,ERR_PAYLOAD,GET,283,1
T006815,Timeout,ERR_RATE,GET,357,0
T008851,Rate Limit,ERR_AUTH,GET,901,1
T001586,Schema Mismatch,ERR_SCHEMA,GET,1110,0
T001933,Auth Failure,ERR_SCHEMA,POST,90,0
T008551,Timeout,ERR_500,GET,331,3
T000881,Payload Error,ERR_SCHEMA,POST,26,1
T009662,Auth Failure,ERR_500,GET,383,3
T002507,Timeout,ERR_SCHEMA,GET,121,1
T006826,Schema Mismatch,ERR_500,GET,71,0
T002556,Timeout,ERR_PAYLOAD,GET,5,1
T000527,Auth Failure,ERR_SCHEMA,GET,223,1
T001761,Timeout,ERR_TIMEOUT,POST,59,1
T004393,Schema Mismatch,ERR_RATE,GET,260,1
T002796,500 Server Error,ERR_SCHEMA,POST,214,0
T004807,500 Server Error,ERR_SCHEMA,GET,289,0
T001277,Timeout,ERR_RATE,PUT,84,1
T002136,500 Server Error,ERR_TIMEOUT,POST,37,0
T007716,Rate Limit,ERR_500,POST,458,1
T005972,Rate Limit,ERR_AUTH,POST,1422,0
T004566,Rate Limit,ERR_RATE,POST,143,0
T004190,Rate Limit,ERR_TIMEOUT,GET,146,3
T006879,Timeout,ERR_500,GET,602,0
T000550,Rate Limit,ERR_PAYLOAD,POST,57,1
T003306,Rate Limit,ERR_PAYLOAD,DELETE,127,1
T000640,Auth Failure,ERR_500,GET,98,0
T007096,Rate Limit,ERR_500,POST,40,1
T001592,Auth Failure,ERR_500,DELETE,235,0
T004108,Timeout,ERR_TIMEOUT,POST,295,0
T009368,Timeout,ERR_AUTH,PUT,632,1
T005333,Timeout,ERR_AUTH,POST,313,0
T001929,500 Server Error,ERR_AUTH,GET,15,0
T002820,500 Server Error,ERR_TIMEOUT,POST,15,0
T004563,500 Server Error,ERR_PAYLOAD,PUT,18,0
T003464,Timeout,ERR_SCHEMA,POST,87,0
T002570,Rate Limit,ERR_TIMEOUT,PUT,86,0
T002150,Timeout,ERR_TIMEOUT,DELETE,448,0
T004844,Timeout,ERR_TIMEOUT,POST,15,0
T010729,Timeout,ERR_500,PUT,282,1
T009597,Timeout,ERR_500,GET,272,0
T006460,Timeout,ERR_PAYLOAD,GET,215,1
T003290,Timeout,ERR_RATE,GET,6,2
T004789,500 Server Error,ERR_AUTH,GET,523,0
T006920,Rate Limit,ERR_PAYLOAD,GET,142,1
T001311,Schema Mismatch,ERR_PAYLOAD,GET,178,3
T005209,Rate Limit,ERR_SCHEMA,GET,332,1
T010571,Schema Mismatch,ERR_RATE,PUT,326,0
T000347,Auth Failure,ERR_500,GET,97,0
T001428,Auth Failure,ERR_RATE,GET,3,0
T008445,Rate Limit,ERR_RATE,GET,491,1
T009267,Rate Limit,ERR_PAYLOAD,POST,423,0
T000586,Timeout,ERR_PAYLOAD,GET,307,0
T007012,Rate Limit,ERR_TIMEOUT,GET,819,2
T000160,Auth Failure,ERR_AUTH,POST,68,1
T004487,Timeout,ERR_PAYLOAD,POST,32,0
T009202,500 Server Error,ERR_SCHEMA,GET,2036,0
T010604,500 Server Error,ERR_PAYLOAD,GET,608,0
T002916,Rate Limit,ERR_RATE,POST,12,0
T009093,Auth Failure,ERR_SCHEMA,PUT,120,0
T003861,Auth Failure,ERR_PAYLOAD,POST,218,0
T007970,Timeout,ERR_500,POST,296,0
T008860,Rate Limit,ERR_SCHEMA,GET,161,0
T009971,500 Server Error,ERR_PAYLOAD,GET,27,2
T007361,Timeout,ERR_TIMEOUT,POST,192,0
T005080,Auth Failure,ERR_RATE,GET,237,1
T001761,Auth Failure,ERR_PAYLOAD,DELETE,113,1
T010735,500 Server Error,ERR_PAYLOAD,GET,51,0
T009996,Timeout,ERR_PAYLOAD,PUT,218,0
T009673,Auth Failure,ERR_SCHEMA,GET,97,1
T010146,Rate Limit,ERR_SCHEMA,PUT,81,3
T000629,Schema Mismatch,ERR_SCHEMA,GET,386,0
T008831,500 Server Error,ERR_RATE,GET,245,0
T000401,500 Server Error,ERR_PAYLOAD,GET,407,0
T008582,Timeout,ERR_PAYLOAD,GET,178,0
T006693,Auth Failure,ERR_SCHEMA,PUT,24,0
T002126,Auth Failure,ERR_SCHEMA,GET,203,1
T002644,500 Server Error,ERR_RATE,DELETE,271,0
T002075,Timeout,ERR_RATE,PUT,449,1
T006739,Auth Failure,ERR_AUTH,POST,262,0
T009482,500 Server Error,ERR_500,POST,476,1
T002751,Timeout,ERR_TIMEOUT,PUT,215,0
T004480,Schema Mismatch,ERR_500,GET,284,0
T004889,Schema Mismatch,ERR_AUTH,PUT,6,0
T000343,Schema Mismatch,ERR_SCHEMA,GET,593,0
T002764,Rate Limit,ERR_RATE,POST,54,1
T007677,Timeout,ERR_SCHEMA,POST,403,1
T008273,500 Server Error,ERR_500,PUT,176,2
T006765,Payload Error,ERR_500,GET,668,1
T007422,Timeout,ERR_TIMEOUT,GET,108,0
T005718,Auth Failure,ERR_RATE,PUT,1072,3
T000363,Rate Limit,ERR_SCHEMA,GET,399,1
T009929,500 Server Error,ERR_AUTH,POST,286,0
T003556,Rate Limit,ERR_500,POST,848,1
T008476,Timeout,ERR_SCHEMA,PUT,232,1
T006383,Rate Limit,ERR_SCHEMA,GET,135,0
T000028,Timeout,ERR_SCHEMA,GET,356,3
T008051,Timeout,ERR_RATE,POST,83,1
T006784,Timeout,ERR_RATE,PUT,221,0
T006539,Schema Mismatch,ERR_AUTH,POST,674,0
T010470,500 Server Error,ERR_500,GET,174,0
T003861,Rate Limit,ERR_500,GET,165,0
T003419,500 Server Error,ERR_TIMEOUT,GET,123,0
T008273,Timeout,ERR_TIMEOUT,GET,320,0
T007097,Auth Failure,ERR_AUTH,POST,93,0
T010709,Schema Mismatch,ERR_TIMEOUT,POST,494,1
T007300,500 Server Error,ERR_500,GET,299,2
T005117,Payload Error,ERR_AUTH,POST,951,0
T000383,Schema Mismatch,ERR_500,GET,767,1
T001943,Rate Limit,ERR_500,POST,114,0
T007846,Rate Limit,ERR_RATE,POST,519,0
T004009,Auth Failure,ERR_TIMEOUT,GET,16,0
T006260,Payload Error,ERR_500,POST,118,0
T010667,Rate Limit,ERR_SCHEMA,GET,442,3
T003790,500 Server Error,ERR_SCHEMA,GET,22,0
T002935,Rate Limit,ERR_RATE,GET,272,1
T006739,Rate Limit,ERR_PAYLOAD,GET,426,1
T001718,Timeout,ERR_AUTH,POST,368,1
T000347,500 Server Error,ERR_TIMEOUT,POST,448,0
T010608,Timeout,ERR_RATE,GET,53,1
T001694,500 Server Error,ERR_TIMEOUT,POST,114,0
T008041,Schema Mismatch,ERR_RATE,PUT,426,0
T002071,500 Server Error,ERR_500,GET,265,2
T005451,Timeout,ERR_SCHEMA,GET,27,0
T004532,Auth Failure,ERR_500,GET,771,0
T004265,Timeout,ERR_TIMEOUT,PUT,56,1
T003636,Timeout,ERR_SCHEMA,POST,268,2
T007096,Payload Error,ERR_RATE,GET,69,0
T001281,Timeout,ERR_500,PUT,510,0
T009306,Rate Limit,ERR_500,GET,261,0
T008700,Rate Limit,ERR_TIMEOUT,PUT,158,1
T004679,Schema Mismatch,ERR_TIMEOUT,DELETE,398,2
T004401,500 Server Error,ERR_AUTH,POST,129,0
T009918,500 Server Error,ERR_RATE,GET,0,0
T004838,Rate Limit,ERR_SCHEMA,GET,28,2
T003790,Auth Failure,ERR_SCHEMA,POST,18,0
T006860,Auth Failure,ERR_AUTH,GET,74,0
T003345,500 Server Error,ERR_PAYLOAD,DELETE,723,2
T001865,Auth Failure,ERR_500,DELETE,62,3
T010117,500 Server Error,ERR_SCHEMA,POST,263,0
T006693,Rate Limit,ERR_RATE,PUT,462,3
T007428,Rate Limit,ERR_SCHEMA,DELETE,402,0
T010542,Auth Failure,ERR_AUTH,POST,119,1
T005490,Timeout,ERR_PAYLOAD,POST,193,1
T002916,Timeout,ERR_TIMEOUT,POST,23,0
T001039,Auth Failure,ERR_PAYLOAD,POST,30,1
T009179,Rate Limit,ERR_RATE,PUT,85,2
T008051,Payload Error,ERR_SCHEMA,GET,48,1
T007764,Payload Error,ERR_SCHEMA,GET,21,0
T000760,500 Server Error,ERR_RATE,GET,90,0
T009401,Timeout,ERR_PAYLOAD,PUT,229,0
T003462,500 Server Error,ERR_AUTH,GET,70,1
T002933,Timeout,ERR_TIMEOUT,GET,99,2
T001173,Auth Failure,ERR_500,POST,520,0
T000822,500 Server Error,ERR_500,GET,417,0
T008304,Auth Failure,ERR_500,POST,9,1
T001211,Rate Limit,ERR_SCHEMA,POST,25,1
T006994,500 Server Error,ERR_500,GET,790,0
T002680,Schema Mismatch,ERR_TIMEOUT,GET,134,0
T009783,Timeout,ERR_SCHEMA,POST,7,1
T002224,Timeout,ERR_SCHEMA,GET,148,1
T008341,Rate Limit,ERR_RATE,PUT,433,3
T007530,Rate Limit,ERR_500,POST,697,0
T001720,Auth Failure,ERR_SCHEMA,POST,361,2
T008084,Rate Limit,ERR_SCHEMA,POST,95,1
T006214,Rate Limit,ERR_SCHEMA,POST,1299,0
T000548,500 Server Error,ERR_RATE,GET,49,0
T002130,Schema Mismatch,ERR_TIMEOUT,DELETE,137,1
T000569,Timeout,ERR_500,PUT,132,2
T009614,Payload Error,ERR_PAYLOAD,GET,203,0
T003987,Rate Limit,ERR_RATE,GET,36,0
T006174,Payload Error,ERR_TIMEOUT,GET,285,0
T000751,Timeout,ERR_TIMEOUT,POST,304,0
T005932,Payload Error,ERR_AUTH,PUT,181,2
T000300,Timeout,ERR_AUTH,GET,31,0
T000464,Schema Mismatch,ERR_SCHEMA,DELETE,429,0
T004926,Auth Failure,ERR_RATE,GET,789,3
T002376,500 Server Error,ERR_500,GET,130,0
T010124,Payload Error,ERR_SCHEMA,POST,80,0
T000897,Schema Mismatch,ERR_AUTH,GET,921,1
T005869,Timeout,ERR_RATE,PUT,44,0
T003290,Rate Limit,ERR_500,GET,195,1
T008966,Timeout,ERR_AUTH,GET,355,0
T006459,Timeout,ERR_RATE,DELETE,13,0
T004791,Auth Failure,ERR_SCHEMA,GET,498,0
T002934,500 Server Error,ERR_TIMEOUT,GET,332,1
T009928,500 Server Error,ERR_RATE,GET,411,1
T004224,Rate Limit,ERR_SCHEMA,GET,70,0
T005990,Rate Limit,ERR_PAYLOAD,PUT,94,0
T005115,Rate Limit,ERR_AUTH,POST,1604,2
T003764,Payload Error,ERR_500,GET,133,1
T009142,Payload Error,ERR_PAYLOAD,GET,7,0
T002672,Auth Failure,ERR_500,GET,131,2
T010306,Timeout,ERR_SCHEMA,DELETE,143,0
T005787,Timeout,ERR_TIMEOUT,POST,646,0
T001255,Timeout,ERR_TIMEOUT,GET,97,0
T008340,500 Server Error,ERR_PAYLOAD,GET,473,0
T009050,Timeout,ERR_SCHEMA,GET,34,1
T006064,Rate Limit,ERR_SCHEMA,GET,214,0
T007378,Rate Limit,ERR_AUTH,GET,156,0
T008420,Payload Error,ERR_TIMEOUT,POST,118,0
T000404,500 Server Error,ERR_PAYLOAD,GET,449,0
T001862,Rate Limit,ERR_500,POST,276,0
T010944,Rate Limit,ERR_PAYLOAD,PUT,903,0
T002752,Rate Limit,ERR_SCHEMA,POST,134,0
T003448,Payload Error,ERR_PAYLOAD,GET,39,2
T004889,Timeout,ERR_SCHEMA,POST,81,0
T005737,Schema Mismatch,ERR_PAYLOAD,POST,344,3
T004918,Rate Limit,ERR_500,PUT,320,0
T003270,Timeout,ERR_AUTH,PUT,298,0
T000338,500 Server Error,ERR_SCHEMA,GET,380,1
T010925,Auth Failure,ERR_AUTH,GET,33,2
T008144,Timeout,ERR_AUTH,PUT,102,0
T000713,Timeout,ERR_SCHEMA,GET,256,2
T001592,Rate Limit,ERR_500,GET,171,1
T009610,Rate Limit,ERR_PAYLOAD,GET,212,0
T004838,Auth Failure,ERR_PAYLOAD,PUT,71,2
T002044,500 Server Error,ERR_TIMEOUT,POST,282,0
T002161,Auth Failure,ERR_AUTH,POST,122,0
T008973,Auth Failure,ERR_SCHEMA,POST,482,2
T003934,Timeout,ERR_SCHEMA,DELETE,265,0
T005052,Rate Limit,ERR_RATE,DELETE,1790,0
T004226,Rate Limit,ERR_SCHEMA,GET,268,0
T005858,Timeout,ERR_PAYLOAD,DELETE,16,2
T010854,Schema Mismatch,ERR_SCHEMA,POST,73,0
T007721,Payload Error,ERR_SCHEMA,POST,87,0
T009499,500 Server Error,ERR_TIMEOUT,GET,7,0
T005006,Timeout,ERR_SCHEMA,DELETE,752,3
T010632,Auth Failure,ERR_AUTH,GET,295,0
T003531,Rate Limit,ERR_AUTH,PUT,501,2
T010736,Schema Mismatch,ERR_AUTH,GET,265,0
T005555,Auth Failure,ERR_RATE,GET,584,0
T008826,500 Server Error,ERR_RATE,POST,295,0
T004612,Rate Limit,ERR_PAYLOAD,PUT,25,0
T003499,Payload Error,ERR_500,PUT,8,2
T007246,Timeout,ERR_SCHEMA,PUT,175,1
T006534,Payload Error,ERR_PAYLOAD,GET,308,0
T007754,500 Server Error,ERR_AUTH,POST,563,0
T004204,Timeout,ERR_SCHEMA,GET,676,0
T004350,500 Server Error,ERR_PAYLOAD,GET,515,0
T009164,Auth Failure,ERR_RATE,POST,33,1
T000820,Timeout,ERR_RATE,GET,422,2
T006763,Auth Failure,ERR_SCHEMA,POST,128,0
T008752,Timeout,ERR_500,POST,584,0
T001094,Auth Failure,ERR_PAYLOAD,POST,523,0
T002491,Schema Mismatch,ERR_PAYLOAD,POST,315,0
T001189,Timeout,ERR_500,GET,741,3
T005396,Auth Failure,ERR_AUTH,GET,234,2
T009552,500 Server Error,ERR_500,GET,82,0
T010913,Schema Mismatch,ERR_500,POST,317,1
T005990,Auth Failure,ERR_500,POST,63,0
T006198,Timeout,ERR_RATE,GET,430,0
T004243,Auth Failure,ERR_500,GET,634,0
T005238,Timeout,ERR_PAYLOAD,GET,328,0
T002253,Schema Mismatch,ERR_SCHEMA,GET,202,0
T007203,Rate Limit,ERR_PAYLOAD,GET,911,0
T002749,500 Server Error,ERR_RATE,DELETE,468,0
T004849,Auth Failure,ERR_RATE,POST,185,1
T001311,Auth Failure,ERR_TIMEOUT,POST,239,1
T004433,Timeout,ERR_AUTH,GET,379,1
T003958,500 Server Error,ERR_SCHEMA,PUT,174,3
T009785,Rate Limit,ERR_RATE,POST,154,2
T007934,Timeout,ERR_SCHEMA,POST,606,0
T001922,500 Server Error,ERR_TIMEOUT,POST,134,0
T010069,Timeout,ERR_SCHEMA,GET,1476,0
T008341,Timeout,ERR_500,GET,124,0
T010108,Payload Error,ERR_TIMEOUT,GET,416,1
T000383,Rate Limit,ERR_TIMEOUT,POST,213,1
T003744,Rate Limit,ERR_TIMEOUT,POST,18,0
T009544,500 Server Error,ERR_TIMEOUT,DELETE,481,1
T005650,Rate Limit,ERR_500,GET,535,0
T010815,Timeout,ERR_AUTH,GET,410,0
T009662,500 Server Error,ERR_PAYLOAD,PUT,762,2
T008069,Payload Error,ERR_TIMEOUT,DELETE,19,0
T004109,Rate Limit,ERR_500,POST,110,0
T007864,Payload Error,ERR_PAYLOAD,POST,1288,0
T003306,Timeout,ERR_TIMEOUT,GET,210,0
T007097,Rate Limit,ERR_PAYLOAD,GET,93,1
T010220,Auth Failure,ERR_AUTH,GET,136,0
T001308,Timeout,ERR_TIMEOUT,GET,856,1
T008039,Timeout,ERR_PAYLOAD,GET,384,1
T007728,Auth Failure,ERR_TIMEOUT,POST,38,2
T003269,500 Server Error,ERR_PAYLOAD,GET,87,0
T002613,Auth Failure,ERR_TIMEOUT,GET,34,0
T004265,500 Server Error,ERR_500,POST,594,1
T002112,500 Server Error,ERR_TIMEOUT,POST,136,0
T004683,Schema Mismatch,ERR_RATE,GET,1138,0
T007455,Timeout,ERR_RATE,GET,1192,1
T003006,Schema Mismatch,ERR_RATE,GET,324,0
T009813,Timeout,ERR_SCHEMA,GET,351,0
T009500,Payload Error,ERR_SCHEMA,GET,204,1
T004037,Auth Failure,ERR_SCHEMA,PUT,162,1
T009582,Auth Failure,ERR_SCHEMA,GET,144,0
T002194,Auth Failure,ERR_500,PUT,781,1
T006302,Payload Error,ERR_RATE,PUT,152,0
T009200,Rate Limit,ERR_RATE,GET,999,0
T007298,500 Server Error,ERR_AUTH,GET,458,3
T004995,Schema Mismatch,ERR_TIMEOUT,DELETE,79,0
T002921,Auth Failure,ERR_PAYLOAD,PUT,125,3
T006001,Rate Limit,ERR_AUTH,GET,47,0
T004245,Timeout,ERR_PAYLOAD,DELETE,50,1
T005958,Rate Limit,ERR_AUTH,GET,242,0
T004223,Auth Failure,ERR_SCHEMA,GET,97,2
T002856,Rate Limit,ERR_SCHEMA,POST,875,0
T009388,Auth Failure,ERR_SCHEMA,POST,136,2
T004390,Timeout,ERR_AUTH,PUT,14,0
T004498,Auth Failure,ERR_PAYLOAD,GET,37,0
T005737,Payload Error,ERR_AUTH,GET,137,1
T004824,Timeout,ERR_SCHEMA,PUT,224,1
T010969,Timeout,ERR_SCHEMA,POST,8,1
T007839,Payload Error,ERR_SCHEMA,GET,127,3
T007640,Auth Failure,ERR_PAYLOAD,PUT,403,3
T003011,Auth Failure,ERR_TIMEOUT,GET,32,0
T006526,Rate Limit,ERR_SCHEMA,POST,35,0
T009812,Auth Failure,ERR_TIMEOUT,POST,113,0
T007776,Payload Error,ERR_500,GET,32,1
T007248,Rate Limit,ERR_TIMEOUT,GET,144,1
T004942,500 Server Error,ERR_TIMEOUT,POST,381,1
T004995,500 Server Error,ERR_TIMEOUT,GET,1225,0
T010729,Timeout,ERR_AUTH,POST,13,0
T008882,Schema Mismatch,ERR_PAYLOAD,GET,258,0
T009695,Timeout,ERR_AUTH,GET,76,2
T009040,Schema Mismatch,ERR_AUTH,GET,175,0
T009468,Schema Mismatch,ERR_SCHEMA,GET,1526,0
T001387,Auth Failure,ERR_500,GET,1498,3
T005714,Rate Limit,ERR_RATE,POST,280,2
T001588,Timeout,ERR_TIMEOUT,GET,54,0
T010828,500 Server Error,ERR_500,PUT,208,2
T007321,Timeout,ERR_AUTH,GET,542,0
T001698,Schema Mismatch,ERR_AUTH,POST,255,1
T000944,500 Server Error,ERR_TIMEOUT,POST,379,0
T009329,500 Server Error,ERR_AUTH,GET,442,3
T007680,Schema Mismatch,ERR_PAYLOAD,PUT,182,1
T002913,Payload Error,ERR_PAYLOAD,GET,332,0
T006508,Rate Limit,ERR_TIMEOUT,GET,39,0
T008959,Timeout,ERR_500,GET,144,2
T000913,Auth Failure,ERR_TIMEOUT,POST,213,0
T004323,Rate Limit,ERR_PAYLOAD,GET,390,0
T000804,500 Server Error,ERR_SCHEMA,GET,186,0
T002588,Auth Failure,ERR_TIMEOUT,POST,951,0
T009351,Auth Failure,ERR_RATE,DELETE,100,0
T005061,Auth Failure,ERR_TIMEOUT,DELETE,58,0
T006624,Rate Limit,ERR_AUTH,PUT,66,0
T007732,Auth Failure,ERR_SCHEMA,POST,139,0
T002910,Timeout,ERR_500,GET,227,0
T001421,Rate Limit,ERR_RATE,GET,112,1
T001827,Schema Mismatch,ERR_RATE,PUT,606,0
T010321,Timeout,ERR_AUTH,DELETE,362,1
T009843,Payload Error,ERR_PAYLOAD,POST,92,0
T002459,500 Server Error,ERR_SCHEMA,PUT,432,0
T000742,Auth Failure,ERR_PAYLOAD,POST,257,1
T000525,Timeout,ERR_RATE,DELETE,347,0
T001006,Schema Mismatch,ERR_SCHEMA,PUT,856,0
T003332,Auth Failure,ERR_500,GET,84,2
T005412,Auth Failure,ERR_500,GET,756,0
T002774,Auth Failure,ERR_SCHEMA,GET,364,2
T004206,Payload Error,ERR_TIMEOUT,GET,70,3
T002774,Timeout,ERR_RATE,GET,717,0
T004532,500 Server Error,ERR_TIMEOUT,POST,174,0
T010757,Timeout,ERR_TIMEOUT,POST,69,0
T001831,Auth Failure,ERR_TIMEOUT,POST,93,0
T003887,Schema Mismatch,ERR_500,PUT,390,0
T003860,Rate Limit,ERR_AUTH,GET,860,0
T004583,500 Server Error,ERR_TIMEOUT,GET,81,1
T003448,Rate Limit,ERR_SCHEMA,POST,746,0
T005594,Timeout,ERR_AUTH,PUT,19,0
T009164,500 Server Error,ERR_SCHEMA,PUT,39,0
T003014,Rate Limit,ERR_AUTH,GET,135,0
T001073,Payload Error,ERR_SCHEMA,GET,265,0
T000150,Schema Mismatch,ERR_TIMEOUT,PUT,255,1
T002971,Rate Limit,ERR_RATE,GET,13,2
T009482,Auth Failure,ERR_TIMEOUT,POST,11,3
T008666,Payload Error,ERR_PAYLOAD,GET,322,3
T006306,Payload Error,ERR_TIMEOUT,GET,177,0
T008744,Payload Error,ERR_AUTH,GET,196,0
T001918,Auth Failure,ERR_RATE,GET,9,1
T008074,Auth Failure,ERR_AUTH,GET,2001,0
T002075,500 Server Error,ERR_SCHEMA,PUT,266,1
T001039,Auth Failure,ERR_RATE,POST,736,1
T008152,Rate Limit,ERR_TIMEOUT,PUT,136,0
T002644,Timeout,ERR_SCHEMA,POST,246,1
T006098,Payload Error,ERR_AUTH,GET,166,0
T006691,Rate Limit,ERR_SCHEMA,POST,38,0
T002819,Schema Mismatch,ERR_500,PUT,171,0
T010993,Schema Mismatch,ERR_AUTH,PUT,80,0
T008051,Timeout,ERR_TIMEOUT,PUT,91,0
T000808,Timeout,ERR_TIMEOUT,POST,419,1
T007117,500 Server Error,ERR_500,POST,125,0
T008807,Auth Failure,ERR_500,GET,407,1
T006680,Auth Failure,ERR_AUTH,GET,1224,0
T006383,Timeout,ERR_AUTH,GET,118,0
T005819,Auth Failure,ERR_AUTH,POST,80,1
T002111,Schema Mismatch,ERR_PAYLOAD,POST,419,0
T004953,Timeout,ERR_RATE,POST,256,0
T004791,500 Server Error,ERR_AUTH,PUT,477,3
T009093,Rate Limit,ERR_SCHEMA,GET,51,2
T007775,Payload Error,ERR_AUTH,GET,319,0
T002570,500 Server Error,ERR_500,GET,382,0
T004404,Timeout,ERR_AUTH,POST,43,0
T002821,500 Server Error,ERR_RATE,GET,50,0
T005457,Payload Error,ERR_PAYLOAD,GET,844,1
T003647,500 Server Error,ERR_500,POST,63,0
T002987,500 Server Error,ERR_SCHEMA,POST,348,0
T004562,Payload Error,ERR_TIMEOUT,GET,235,1
T002909,Rate Limit,ERR_500,POST,526,0
T005080,500 Server Error,ERR_SCHEMA,GET,15,1
T000300,Rate Limit,ERR_RATE,POST,4,1
T010087,Schema Mismatch,ERR_SCHEMA,POST,416,0
T006691,500 Server Error,ERR_PAYLOAD,POST,632,1
T002376,Auth Failure,ERR_AUTH,POST,300,1
T010136,Payload Error,ERR_TIMEOUT,GET,145,1
T010161,Auth Failure,ERR_PAYLOAD,GET,174,1
T008211,Payload Error,ERR_PAYLOAD,GET,450,0
T008647,Timeout,ERR_SCHEMA,POST,217,0
T002605,Timeout,ERR_TIMEOUT,PUT,348,0
T000818,Rate Limit,ERR_RATE,DELETE,889,2
T010828,Auth Failure,ERR_500,PUT,96,0
T010330,Schema Mismatch,ERR_AUTH,GET,50,0
T003304,500 Server Error,ERR_PAYLOAD,POST,568,2
T008146,Rate Limit,ERR_500,GET,356,0
T003149,Schema Mismatch,ERR_PAYLOAD,GET,198,2
T010571,Schema Mismatch,ERR_SCHEMA,GET,252,0
T002370,Timeout,ERR_PAYLOAD,POST,721,0
T000264,Timeout,ERR_AUTH,GET,944,0
T002479,Payload Error,ERR_500,GET,3,1
T006527,Auth Failure,ERR_500,GET,386,0
T008091,Timeout,ERR_RATE,GET,1105,0
T008232,Schema Mismatch,ERR_500,GET,62,1
T009691,500 Server Error,ERR_RATE,GET,59,2
T005355,Auth Failure,ERR_SCHEMA,GET,40,0
T001594,Schema Mismatch,ERR_PAYLOAD,PUT,165,0
T004452,Rate Limit,ERR_TIMEOUT,GET,454,1
T009083,Rate Limit,ERR_500,GET,233,3
T003333,Rate Limit,ERR_TIMEOUT,GET,146,0
T005787,Auth Failure,ERR_500,GET,255,0
T001741,Auth Failure,ERR_AUTH,GET,129,0
T007776,Schema Mismatch,ERR_500,POST,212,0
T004224,Payload Error,ERR_SCHEMA,GET,191,0
T001474,Auth Failure,ERR_AUTH,GET,742,0
T005430,Schema Mismatch,ERR_TIMEOUT,GET,228,0
T005165,Timeout,ERR_500,POST,322,0
T002262,Auth Failure,ERR_SCHEMA,PUT,105,2
T006725,Schema Mismatch,ERR_RATE,POST,134,2
T008311,Timeout,ERR_500,GET,1128,0
T002512,Schema Mismatch,ERR_AUTH,GET,281,0
T000242,Auth Failure,ERR_TIMEOUT,GET,106,2
T004422,Timeout,ERR_TIMEOUT,POST,22,1
T003005,Timeout,ERR_PAYLOAD,GET,280,0
T003474,Auth Failure,ERR_500,DELETE,26,1
T008144,500 Server Error,ERR_500,GET,52,0
T008858,Rate Limit,ERR_AUTH,PUT,73,2
T007344,Auth Failure,ERR_SCHEMA,POST,307,0
T004037,Auth Failure,ERR_RATE,POST,154,1
T005371,Auth Failure,ERR_TIMEOUT,GET,393,1
T004098,Auth Failure,ERR_TIMEOUT,GET,74,0
T003014,Timeout,ERR_SCHEMA,GET,646,1
T004507,500 Server Error,ERR_RATE,POST,71,0
T005576,Auth Failure,ERR_RATE,POST,10,1
T000926,Auth Failure,ERR_AUTH,POST,180,0
T001381,Rate Limit,ERR_PAYLOAD,GET,39,0
T008571,Auth Failure,ERR_AUTH,GET,166,1
T002150,Auth Failure,ERR_RATE,GET,1052,3
T009142,Timeout,ERR_AUTH,GET,484,0
T001983,Timeout,ERR_RATE,POST,185,0
T003496,Rate Limit,ERR_RATE,GET,391,0
T001439,Schema Mismatch,ERR_SCHEMA,POST,166,0
T007356,Rate Limit,ERR_PAYLOAD,GET,0,1
T000467,Rate Limit,ERR_PAYLOAD,POST,483,1
T000935,Timeout,ERR_TIMEOUT,GET,431,0
T004905,Auth Failure,ERR_500,GET,748,0
T001000,500 Server Error,ERR_TIMEOUT,GET,36,1
T007518,Rate Limit,ERR_RATE,GET,502,0
T001226,500 Server Error,ERR_PAYLOAD,PUT,497,0
T009620,Auth Failure,ERR_AUTH,GET,135,0
T000328,Timeout,ERR_PAYLOAD,GET,154,1
T009918,Rate Limit,ERR_SCHEMA,GET,163,2
T005555,Auth Failure,ERR_SCHEMA,POST,131,1
T002224,Timeout,ERR_AUTH,POST,261,0
T006798,Auth Failure,ERR_PAYLOAD,GET,216,0
T010461,Auth Failure,ERR_SCHEMA,GET,257,1
T002219,500 Server Error,ERR_RATE,GET,275,1
T009320,Auth Failure,ERR_RATE,GET,355,0
T001439,Schema Mismatch,ERR_500,GET,104,1
T004623,Rate Limit,ERR_500,POST,63,0
T007471,Payload Error,ERR_RATE,DELETE,226,3
T006377,Timeout,ERR_AUTH,DELETE,169,2
T010543,Payload Error,ERR_TIMEOUT,POST,374,2
T005970,Timeout,ERR_PAYLOAD,GET,252,0
T010789,500 Server Error,ERR_PAYLOAD,GET,354,0
T007657,Auth Failure,ERR_AUTH,POST,64,1
T002062,Auth Failure,ERR_SCHEMA,GET,1402,0
T001986,500 Server Error,ERR_SCHEMA,GET,78,0
T004807,Timeout,ERR_PAYLOAD,GET,152,1
T001028,Schema Mismatch,ERR_500,POST,381,0
T009932,Timeout,ERR_500,GET,7,0
T009059,Payload Error,ERR_PAYLOAD,POST,525,1
T001523,500 Server Error,ERR_TIMEOUT,GET,259,0
T007344,Auth Failure,ERR_PAYLOAD,GET,638,0
T007099,500 Server Error,ERR_RATE,PUT,234,0
T009390,Auth Failure,ERR_500,POST,8,1
T008961,500 Server Error,ERR_TIMEOUT,POST,204,1
T000292,Timeout,ERR_RATE,POST,680,0
T005703,Schema Mismatch,ERR_SCHEMA,GET,89,0
T009929,Timeout,ERR_SCHEMA,GET,115,1
T010569,Rate Limit,ERR_500,POST,9,1
T002414,Auth Failure,ERR_RATE,GET,571,1
T000822,Auth Failure,ERR_SCHEMA,GET,605,1
T005246,Auth Failure,ERR_PAYLOAD,POST,53,0
T008388,Schema Mismatch,ERR_500,GET,72,2
T002227,Timeout,ERR_500,DELETE,228,0
T006003,Timeout,ERR_RATE,PUT,72,0
T006078,Schema Mismatch,ERR_TIMEOUT,GET,71,1
T001413,Timeout,ERR_SCHEMA,GET,154,3
T000459,Timeout,ERR_PAYLOAD,POST,249,0
T003609,Rate Limit,ERR_RATE,GET,8,0
T009461,Timeout,ERR_RATE,GET,632,0
T007563,Timeout,ERR_RATE,GET,385,0
T006442,Payload Error,ERR_500,POST,27,2
T007772,Timeout,ERR_AUTH,GET,256,2
T004197,Auth Failure,ERR_500,GET,42,1
T007576,500 Server Error,ERR_PAYLOAD,GET,346,0
T007271,Schema Mismatch,ERR_AUTH,GET,64,0
T009390,Rate Limit,ERR_SCHEMA,GET,80,0
T010304,500 Server Error,ERR_PAYLOAD,PUT,556,0
T009548,Rate Limit,ERR_AUTH,DELETE,111,3
T000241,Timeout,ERR_RATE,POST,540,1
T000128,Auth Failure,ERR_500,GET,426,0
T005781,Rate Limit,ERR_TIMEOUT,GET,115,1
T004651,Timeout,ERR_AUTH,GET,351,0
T005224,Timeout,ERR_PAYLOAD,PUT,2,1
T006465,Payload Error,ERR_500,POST,255,0
T006406,Timeout,ERR_AUTH,POST,528,1
T007487,Timeout,ERR_RATE,GET,557,0
T005430,Auth Failure,ERR_SCHEMA,GET,289,3
T001760,Timeout,ERR_TIMEOUT,GET,130,0
T009495,500 Server Error,ERR_AUTH,GET,1073,0
T008070,Rate Limit,ERR_PAYLOAD,GET,1373,1
T010844,Timeout,ERR_TIMEOUT,POST,7,0
T000692,Timeout,ERR_AUTH,GET,52,3
T003573,Rate Limit,ERR_RATE,GET,1120,0
T001108,Rate Limit,ERR_RATE,POST,1515,0
T008981,500 Server Error,ERR_AUTH,GET,864,1
T007977,500 Server Error,ERR_SCHEMA,GET,24,3
T001534,Schema Mismatch,ERR_TIMEOUT,GET,319,0
T004692,Payload Error,ERR_TIMEOUT,GET,20,1
T002903,Timeout,ERR_AUTH,POST,192,0
T005523,Timeout,ERR_500,GET,1136,0
T000614,Timeout,ERR_TIMEOUT,POST,604,1
T003187,Payload Error,ERR_SCHEMA,POST,40,0
T010542,500 Server Error,ERR_SCHEMA,DELETE,234,0
T008612,Timeout,ERR_SCHEMA,GET,45,1
T006565,500 Server Error,ERR_500,GET,49,0
T010736,500 Server Error,ERR_PAYLOAD,DELETE,40,0
T005235,Payload Error,ERR_AUTH,GET,30,0
T005732,500 Server Error,ERR_RATE,GET,68,0
T006406,Rate Limit,ERR_SCHEMA,PUT,746,3
T000453,Auth Failure,ERR_RATE,PUT,132,0
T010870,Timeout,ERR_AUTH,GET,575,0
T003856,Timeout,ERR_TIMEOUT,POST,11,1
T001860,Auth Failure,ERR_RATE,POST,265,0
T001096,Timeout,ERR_500,POST,260,2
T000512,Timeout,ERR_PAYLOAD,POST,761,3
T001638,Rate Limit,ERR_500,GET,44,0
T000323,Schema Mismatch,ERR_500,POST,424,0
T001152,Schema Mismatch,ERR_500,PUT,466,2
T008744,500 Server Error,ERR_SCHEMA,PUT,222,0
T009904,Auth Failure,ERR_RATE,PUT,76,0
T008340,500 Server Error,ERR_PAYLOAD,GET,126,2
T010705,Rate Limit,ERR_AUTH,POST,229,0
T000453,Auth Failure,ERR_AUTH,GET,202,2
T010505,Timeout,ERR_SCHEMA,POST,361,1
T008304,Rate Limit,ERR_TIMEOUT,GET,88,1
T010174,Rate Limit,ERR_PAYLOAD,GET,105,1
T000935,Rate Limit,ERR_RATE,POST,705,1
T000056,Auth Failure,ERR_SCHEMA,GET,405,2
T010039,500 Server Error,ERR_PAYLOAD,POST,131,2
T010709,500 Server Error,ERR_SCHEMA,PUT,383,0
T001954,Auth Failure,ERR_TIMEOUT,GET,7,3
T007233,500 Server Error,ERR_SCHEMA,GET,131,1
T004401,500 Server Error,ERR_SCHEMA,GET,46,0
T006245,Payload Error,ERR_PAYLOAD,POST,102,0
T009687,Auth Failure,ERR_TIMEOUT,GET,249,0
T004551,Schema Mismatch,ERR_RATE,POST,310,1
T002199,Schema Mismatch,ERR_RATE,PUT,1000,1
T001417,500 Server Error,ERR_AUTH,PUT,281,1
T009520,500 Server Error,ERR_500,POST,105,0
T008453,Payload Error,ERR_SCHEMA,PUT,459,0
T000822,Timeout,ERR_PAYLOAD,GET,147,0
T008757,500 Server Error,ERR_500,POST,38,0
T007378,Auth Failure,ERR_500,GET,280,0
T009025,Schema Mismatch,ERR_RATE,DELETE,236,0
T000338,Timeout,ERR_RATE,GET,8,2
T002987,Timeout,ERR_TIMEOUT,GET,64,0
T006624,Auth Failure,ERR_SCHEMA,GET,46,0
T002067,Schema Mismatch,ERR_SCHEMA,GET,170,0
T006975,Rate Limit,ERR_PAYLOAD,PUT,1582,1
T001277,Schema Mismatch,ERR_PAYLOAD,GET,422,1
T002990,Schema Mismatch,ERR_AUTH,GET,111,0
T006174,Timeout,ERR_AUTH,GET,903,1
T010869,500 Server Error,ERR_RATE,DELETE,227,3
T008431,Auth Failure,ERR_500,GET,556,1
T004507,Auth Failure,ERR_PAYLOAD,PUT,1251,1
T003951,Timeout,ERR_500,PUT,496,0
T002310,500 Server Error,ERR_PAYLOAD,POST,528,3
T010993,Payload Error,ERR_AUTH,GET,900,0
T010604,Timeout,ERR_SCHEMA,GET,73,0
T009689,Rate Limit,ERR_500,GET,568,1
T004758,Auth Failure,ERR_SCHEMA,GET,56,0
T005650,Schema Mismatch,ERR_500,PUT,243,0
T006305,Timeout,ERR_AUTH,POST,33,1
T000013,Rate Limit,ERR_SCHEMA,POST,122,0
T003499,Payload Error,ERR_PAYLOAD,DELETE,47,0
T010992,500 Server Error,ERR_SCHEMA,POST,537,0
T003200,Rate Limit,ERR_PAYLOAD,POST,282,0
T001311,Payload Error,ERR_RATE,POST,66,1
T004831,Schema Mismatch,ERR_TIMEOUT,GET,579,1
T003673,Timeout,ERR_SCHEMA,PUT,308,0
T000985,Timeout,ERR_SCHEMA,GET,23,0
T004983,Payload Error,ERR_500,GET,114,0
T005039,Timeout,ERR_RATE,GET,42,0
T010220,Payload Error,ERR_PAYLOAD,POST,28,0
T002491,Auth Failure,ERR_AUTH,GET,342,0
T005209,Timeout,ERR_500,GET,41,0
T006104,Auth Failure,ERR_TIMEOUT,POST,47,0
T008905,Schema Mismatch,ERR_AUTH,GET,453,0
T000357,500 Server Error,ERR_500,POST,766,2
T001484,Timeout,ERR_500,GET,91,0
T003666,Schema Mismatch,ERR_TIMEOUT,PUT,890,0
T000346,Timeout,ERR_AUTH,GET,98,0
T004899,Rate Limit,ERR_PAYLOAD,GET,135,0
T004844,Timeout,ERR_AUTH,GET,315,2
T005718,Auth Failure,ERR_500,GET,405,0
T005568,Timeout,ERR_RATE,POST,1312,2
T009683,500 Server Error,ERR_TIMEOUT,POST,440,0
T003525,Rate Limit,ERR_500,POST,174,2
T001211,500 Server Error,ERR_RATE,POST,34,0
T002956,Auth Failure,ERR_RATE,GET,295,2
T006043,Payload Error,ERR_RATE,GET,552,1
T006691,Rate Limit,ERR_SCHEMA,GET,535,0
T005830,Schema Mismatch,ERR_AUTH,GET,378,0
T009683,Payload Error,ERR_SCHEMA,PUT,423,1
T004091,Rate Limit,ERR_AUTH,GET,41,0
T005602,Schema Mismatch,ERR_TIMEOUT,PUT,40,1
T003845,Timeout,ERR_TIMEOUT,GET,258,0
T007656,Rate Limit,ERR_PAYLOAD,POST,19,0
T002669,500 Server Error,ERR_AUTH,PUT,60,1
T002146,Timeout,ERR_SCHEMA,GET,396,2
T004528,Rate Limit,ERR_RATE,PUT,7,2
T007325,Timeout,ERR_PAYLOAD,POST,52,0
T001096,500 Server Error,ERR_RATE,GET,470,1
T009737,Timeout,ERR_500,GET,775,0
T001933,500 Server Error,ERR_AUTH,GET,86,0
T010870,Rate Limit,ERR_AUTH,GET,213,1
T007721,Timeout,ERR_SCHEMA,PUT,648,0
T004995,Rate Limit,ERR_TIMEOUT,GET,492,0
T001777,Timeout,ERR_SCHEMA,POST,577,1
T009435,Timeout,ERR_PAYLOAD,GET,116,2
T007749,Timeout,ERR_TIMEOUT,PUT,103,0
T000191,Auth Failure,ERR_500,GET,385,0
T000455,Timeout,ERR_TIMEOUT,GET,220,1
T004440,500 Server Error,ERR_SCHEMA,GET,610,1
T008920,Timeout,ERR_RATE,PUT,408,2
T000826,Timeout,ERR_500,POST,128,0
T005355,Timeout,ERR_500,POST,523,0
T007197,Rate Limit,ERR_500,PUT,767,1
T008399,Rate Limit,ERR_RATE,POST,37,0
T009610,Timeout,ERR_RATE,GET,231,0
T005408,Auth Failure,ERR_AUTH,GET,253,1
T002010,500 Server Error,ERR_AUTH,GET,18,1
T006252,Payload Error,ERR_RATE,POST,4,0
T000212,Auth Failure,ERR_TIMEOUT,GET,59,3
T004332,Auth Failure,ERR_TIMEOUT,GET,540,1
T002971,Timeout,ERR_RATE,GET,306,0
T005400,Payload Error,ERR_SCHEMA,GET,59,0
T002341,500 Server Error,ERR_AUTH,GET,280,3
T002259,Timeout,ERR_PAYLOAD,GET,296,0
T006305,Rate Limit,ERR_AUTH,POST,188,0
T002821,Timeout,ERR_500,GET,223,0
T003860,500 Server Error,ERR_SCHEMA,POST,353,2
T001687,Timeout,ERR_TIMEOUT,GET,693,0
T009644,Rate Limit,ERR_TIMEOUT,PUT,584,0
T003571,500 Server Error,ERR_SCHEMA,GET,369,0
T006970,Timeout,ERR_TIMEOUT,DELETE,581,3
T006204,Timeout,ERR_TIMEOUT,POST,296,0
T001473,500 Server Error,ERR_TIMEOUT,DELETE,416,0
T001439,500 Server Error,ERR_PAYLOAD,POST,644,1
T006348,Auth Failure,ERR_PAYLOAD,GET,633,0
T007856,Timeout,ERR_PAYLOAD,GET,500,0
T005988,Schema Mismatch,ERR_SCHEMA,GET,238,1
T006401,Rate Limit,ERR_SCHEMA,GET,63,0
T004440,Rate Limit,ERR_SCHEMA,GET,550,0
T005819,Auth Failure,ERR_TIMEOUT,GET,426,1
T007530,Auth Failure,ERR_500,GET,443,0
T002045,Auth Failure,ERR_PAYLOAD,PUT,40,0
T005701,Schema Mismatch,ERR_SCHEMA,PUT,582,0
T000343,Timeout,ERR_500,POST,479,0
T001825,Auth Failure,ERR_AUTH,POST,151,1
T010542,Timeout,ERR_PAYLOAD,GET,195,0
T010106,Rate Limit,ERR_RATE,POST,926,0
T010691,Payload Error,ERR_PAYLOAD,POST,13,0
T005875,Schema Mismatch,ERR_TIMEOUT,GET,42,0
T002919,Auth Failure,ERR_AUTH,POST,508,1
T007773,Timeout,ERR_AUTH,PUT,284,0
T009051,Rate Limit,ERR_TIMEOUT,DELETE,16,0
T001895,Auth Failure,ERR_500,DELETE,359,0
T002075,Timeout,ERR_RATE,GET,147,0
T002820,Timeout,ERR_SCHEMA,POST,183,1
T000165,Timeout,ERR_RATE,GET,76,0
T004791,Payload Error,ERR_SCHEMA,POST,57,2
T006497,Auth Failure,ERR_PAYLOAD,GET,167,2
T009662,500 Server Error,ERR_AUTH,GET,263,0
T008752,500 Server Error,ERR_TIMEOUT,DELETE,72,0
T001289,Timeout,ERR_SCHEMA,POST,181,1
T002737,Auth Failure,ERR_AUTH,GET,265,2
T003814,Auth Failure,ERR_PAYLOAD,GET,198,2
T001802,500 Server Error,ERR_RATE,GET,189,0
T010513,Schema Mismatch,ERR_TIMEOUT,GET,102,0
T007636,Timeout,ERR_SCHEMA,GET,35,0
T004907,Auth Failure,ERR_RATE,DELETE,899,1
T010916,Timeout,ERR_PAYLOAD,GET,699,0
T009041,Payload Error,ERR_SCHEMA,POST,798,0
T002591,500 Server Error,ERR_RATE,GET,237,0
T008970,Payload Error,ERR_TIMEOUT,POST,90,3
T002590,500 Server Error,ERR_AUTH,POST,120,0
T005610,Timeout,ERR_500,PUT,275,1
T004530,Auth Failure,ERR_TIMEOUT,GET,376,3
T008453,Auth Failure,ERR_AUTH,DELETE,310,0
T000166,Payload Error,ERR_SCHEMA,POST,58,0
T004604,Payload Error,ERR_SCHEMA,GET,662,0
T004468,Rate Limit,ERR_RATE,POST,285,1
T002262,Schema Mismatch,ERR_RATE,GET,598,0
T008543,Rate Limit,ERR_TIMEOUT,POST,288,1
T001835,Rate Limit,ERR_SCHEMA,GET,155,0
T001145,Rate Limit,ERR_AUTH,GET,26,3
T009830,500 Server Error,ERR_RATE,POST,108,2
T008858,Auth Failure,ERR_PAYLOAD,POST,63,0
T007924,Schema Mismatch,ERR_AUTH,POST,982,2
T001479,Rate Limit,ERR_AUTH,GET,153,3
T008610,Auth Failure,ERR_500,PUT,705,3
T008084,Timeout,ERR_AUTH,GET,120,0
T007414,Auth Failure,ERR_PAYLOAD,POST,39,0
T008871,500 Server Error,ERR_RATE,PUT,498,0
T006446,Schema Mismatch,ERR_TIMEOUT,GET,190,1
T005600,Rate Limit,ERR_AUTH,GET,570,0
T006382,Rate Limit,ERR_500,POST,250,1
T005735,Auth Failure,ERR_AUTH,GET,31,0
T008084,Schema Mismatch,ERR_500,POST,9,0
T004476,Rate Limit,ERR_TIMEOUT,PUT,52,0
T010972,Payload Error,ERR_500,GET,116,0
T009930,Timeout,ERR_TIMEOUT,GET,157,0
T003997,500 Server Error,ERR_SCHEMA,POST,599,0
T007115,Auth Failure,ERR_AUTH,GET,634,0
T001039,Schema Mismatch,ERR_AUTH,GET,182,0
T001108,Timeout,ERR_TIMEOUT,POST,320,3
T008005,Timeout,ERR_500,POST,41,0
T010481,Auth Failure,ERR_AUTH,POST,909,1
T008790,Auth Failure,ERR_AUTH,GET,123,0
T006459,Schema Mismatch,ERR_TIMEOUT,GET,313,0
T004703,Rate Limit,ERR_PAYLOAD,GET,241,0
T003441,500 Server Error,ERR_SCHEMA,GET,436,0
T006589,Timeout,ERR_500,GET,1464,0
T010181,Schema Mismatch,ERR_RATE,PUT,171,2
T001695,Payload Error,ERR_500,GET,105,1
T004393,Schema Mismatch,ERR_TIMEOUT,POST,31,0
T002928,Timeout,ERR_500,GET,471,0
T000080,Auth Failure,ERR_500,POST,112,0
T010513,Payload Error,ERR_AUTH,POST,176,0
T002259,Auth Failure,ERR_SCHEMA,POST,941,3
T000704,Timeout,ERR_RATE,GET,881,1
T007772,Schema Mismatch,ERR_500,GET,355,0
T006200,Timeout,ERR_TIMEOUT,PUT,32,0
T004616,Timeout,ERR_AUTH,PUT,178,1
T008476,Auth Failure,ERR_RATE,GET,717,0
T000080,500 Server Error,ERR_TIMEOUT,GET,210,0
T010019,Rate Limit,ERR_RATE,PUT,1241,0
T008146,Timeout,ERR_PAYLOAD,POST,62,2
T004200,Rate Limit,ERR_RATE,GET,273,0
T002360,500 Server Error,ERR_RATE,POST,62,0
T005046,Rate Limit,ERR_PAYLOAD,GET,476,2
T007010,500 Server Error,ERR_PAYLOAD,GET,748,0
T005355,Auth Failure,ERR_SCHEMA,POST,19,0
T010043,Auth Failure,ERR_SCHEMA,GET,167,0
T001059,Timeout,ERR_TIMEOUT,GET,11,0
T005854,Payload Error,ERR_PAYLOAD,DELETE,21,0
T010307,Payload Error,ERR_AUTH,GET,137,0
T006349,Auth Failure,ERR_TIMEOUT,POST,262,1
T007019,Payload Error,ERR_RATE,DELETE,572,0
T004245,Rate Limit,ERR_TIMEOUT,GET,882,0
T001929,Auth Failure,ERR_PAYLOAD,GET,93,0
T006639,Timeout,ERR_SCHEMA,GET,76,0
T006669,Timeout,ERR_500,POST,51,0
T001045,500 Server Error,ERR_TIMEOUT,GET,5,0
T008231,Auth Failure,ERR_TIMEOUT,PUT,229,0
T003892,Payload Error,ERR_500,PUT,227,2
T008257,Payload Error,ERR_SCHEMA,POST,26,0
T006442,500 Server Error,ERR_AUTH,GET,5,2
T005159,Rate Limit,ERR_AUTH,GET,144,1
T001175,Schema Mismatch,ERR_500,DELETE,24,0
T003907,Payload Error,ERR_500,GET,17,0
T000286,Auth Failure,ERR_TIMEOUT,DELETE,204,1
T001761,Auth Failure,ERR_SCHEMA,PUT,502,0
T000343,Timeout,ERR_PAYLOAD,POST,331,0
T002780,Rate Limit,ERR_PAYLOAD,PUT,50,2
T007747,Rate Limit,ERR_AUTH,DELETE,324,2
T004323,Timeout,ERR_SCHEMA,GET,129,1
T005347,Schema Mismatch,ERR_RATE,GET,26,3
T010270,Rate Limit,ERR_SCHEMA,GET,138,1
T009279,Timeout,ERR_AUTH,POST,602,2
T005143,Payload Error,ERR_PAYLOAD,GET,68,2
T000887,Auth Failure,ERR_SCHEMA,GET,202,0
T000110,500 Server Error,ERR_TIMEOUT,GET,129,0
T000533,Auth Failure,ERR_TIMEOUT,GET,482,0
T000527,Timeout,ERR_AUTH,GET,274,0
T008295,Schema Mismatch,ERR_RATE,GET,158,3
T009532,Payload Error,ERR_500,GET,171,0
T005209,Timeout,ERR_SCHEMA,GET,701,0
T000083,Payload Error,ERR_AUTH,GET,87,0
T003571,Payload Error,ERR_TIMEOUT,POST,26,0
T009597,Payload Error,ERR_TIMEOUT,POST,575,1
T004838,Timeout,ERR_PAYLOAD,POST,194,0
T004813,Timeout,ERR_PAYLOAD,PUT,14,0
T010295,Rate Limit,ERR_500,POST,705,0
T006381,500 Server Error,ERR_AUTH,GET,296,0
T004570,Rate Limit,ERR_RATE,PUT,87,0
T005990,Auth Failure,ERR_AUTH,POST,359,0
T008562,Rate Limit,ERR_PAYLOAD,POST,93,0
T004905,Schema Mismatch,ERR_RATE,GET,148,0
T003587,Schema Mismatch,ERR_TIMEOUT,GET,130,0
T009518,Schema Mismatch,ERR_AUTH,GET,410,1
T009083,Auth Failure,ERR_AUTH,GET,33,0
T007257,Timeout,ERR_TIMEOUT,POST,99,0
T000523,Schema Mismatch,ERR_PAYLOAD,GET,694,0
T002224,Timeout,ERR_RATE,GET,647,0
T007304,Schema Mismatch,ERR_RATE,POST,1058,2
T009565,Rate Limit,ERR_PAYLOAD,POST,8,0
T001277,Rate Limit,ERR_500,GET,36,0
T008612,Timeout,ERR_500,GET,1033,2
T009544,Schema Mismatch,ERR_SCHEMA,GET,102,0
T010632,Timeout,ERR_AUTH,POST,389,0
T007976,Payload Error,ERR_PAYLOAD,GET,879,0
T007478,Timeout,ERR_500,POST,529,1
T006460,Timeout,ERR_TIMEOUT,GET,146,1
T000195,Timeout,ERR_TIMEOUT,DELETE,288,2
T007274,Timeout,ERR_RATE,POST,164,0
T002112,500 Server Error,ERR_SCHEMA,GET,111,1
T008431,Timeout,ERR_TIMEOUT,POST,407,0
T000996,500 Server Error,ERR_PAYLOAD,PUT,1187,0
T005083,500 Server Error,ERR_500,PUT,180,1
T008271,Auth Failure,ERR_500,POST,240,2
T009518,Payload Error,ERR_500,PUT,171,1
T003484,500 Server Error,ERR_SCHEMA,POST,1118,2
T000797,Schema Mismatch,ERR_AUTH,POST,388,2
T002468,500 Server Error,ERR_RATE,GET,209,0
T009843,Rate Limit,ERR_TIMEOUT,GET,429,0
T006259,Timeout,ERR_TIMEOUT,POST,48,1
T003448,Payload Error,ERR_PAYLOAD,GET,10,2
T005017,Rate Limit,ERR_AUTH,GET,214,1
T002749,Rate Limit,ERR_PAYLOAD,GET,354,0
T005513,Timeout,ERR_RATE,POST,32,3
T004564,Rate Limit,ERR_RATE,POST,91,1
T006693,Rate Limit,ERR_500,GET,1198,0
T010065,500 Server Error,ERR_TIMEOUT,GET,58,3
T009924,Timeout,ERR_TIMEOUT,POST,52,2
T003184,Timeout,ERR_PAYLOAD,GET,142,0
T008953,Rate Limit,ERR_500,GET,2159,0
T004990,Payload Error,ERR_500,PUT,111,0
T003681,Rate Limit,ERR_TIMEOUT,DELETE,68,0
T003572,500 Server Error,ERR_RATE,POST,58,1
T000756,Auth Failure,ERR_PAYLOAD,GET,473,1
T009531,Timeout,ERR_TIMEOUT,GET,541,0
T004272,Auth Failure,ERR_TIMEOUT,POST,376,2
T000455,Timeout,ERR_RATE,GET,641,0
T002112,Schema Mismatch,ERR_PAYLOAD,POST,698,2
T003314,Schema Mismatch,ERR_AUTH,PUT,471,0
T003306,Rate Limit,ERR_TIMEOUT,PUT,313,0
T005371,Rate Limit,ERR_500,PUT,442,1
T002913,Payload Error,ERR_AUTH,GET,960,0
T004831,Auth Failure,ERR_AUTH,GET,376,0
T009958,Auth Failure,ERR_500,POST,403,0
T004286,Payload Error,ERR_TIMEOUT,GET,125,0
T010535,Timeout,ERR_RATE,PUT,196,0
T010427,Schema Mismatch,ERR_500,POST,977,2
T010229,500 Server Error,ERR_RATE,POST,653,0
T003130,Payload Error,ERR_PAYLOAD,GET,48,1
T010019,Auth Failure,ERR_RATE,GET,30,0
T004583,Payload Error,ERR_RATE,POST,181,0
T006738,Auth Failure,ERR_PAYLOAD,GET,58,0
T003176,Auth Failure,ERR_500,PUT,970,0
T002788,Rate Limit,ERR_SCHEMA,GET,420,1
T009482,Schema Mismatch,ERR_500,GET,547,0
T005131,Rate Limit,ERR_SCHEMA,POST,320,0
T009648,Rate Limit,ERR_RATE,GET,467,0
T010173,Schema Mismatch,ERR_TIMEOUT,GET,76,1
T006739,Timeout,ERR_PAYLOAD,POST,1306,0
T005412,Rate Limit,ERR_SCHEMA,POST,268,1
T000985,Payload Error,ERR_AUTH,GET,124,0
T003101,Payload Error,ERR_TIMEOUT,POST,1299,0
T010992,Timeout,ERR_TIMEOUT,GET,6,0
T010736,Timeout,ERR_SCHEMA,POST,351,0
T001718,Payload Error,ERR_TIMEOUT,GET,528,0
T005620,Auth Failure,ERR_500,GET,27,1
T002962,Auth Failure,ERR_PAYLOAD,GET,501,0
T006401,500 Server Error,ERR_PAYLOAD,DELETE,366,0
T004862,500 Server Error,ERR_PAYLOAD,GET,107,0
T002751,500 Server Error,ERR_RATE,PUT,36,0
T009785,Timeout,ERR_RATE,GET,446,0
T005499,Rate Limit,ERR_PAYLOAD,GET,762,0
T003306,Rate Limit,ERR_SCHEMA,DELETE,168,3
T004188,Payload Error,ERR_AUTH,GET,254,0
T000347,Timeout,ERR_SCHEMA,POST,153,0
T008051,500 Server Error,ERR_TIMEOUT,GET,431,1
T000121,500 Server Error,ERR_SCHEMA,POST,592,0
T002062,Schema Mismatch,ERR_500,POST,283,0
T010307,Rate Limit,ERR_SCHEMA,GET,200,0
T010345,Auth Failure,ERR_SCHEMA,POST,368,1
T001108,Payload Error,ERR_RATE,GET,166,2
T006982,500 Server Error,ERR_500,GET,287,3
T007057,Timeout,ERR_PAYLOAD,GET,216,0
T001094,500 Server Error,ERR_PAYLOAD,POST,58,1
T004380,500 Server Error,ERR_TIMEOUT,POST,151,0
T005637,Timeout,ERR_RATE,PUT,90,1
T003650,Rate Limit,ERR_TIMEOUT,PUT,97,0
T000308,Rate Limit,ERR_AUTH,DELETE,4,2
T005295,Auth Failure,ERR_500,GET,527,1
T006725,Rate Limit,ERR_SCHEMA,POST,8,0
T005936,Timeout,ERR_RATE,POST,436,1
T004783,Timeout,ERR_500,POST,55,1
T004787,Schema Mismatch,ERR_RATE,GET,814,0
T006628,Rate Limit,ERR_RATE,GET,490,1
T003977,Payload Error,ERR_SCHEMA,POST,36,0
T003835,Auth Failure,ERR_TIMEOUT,GET,488,1
T000363,Auth Failure,ERR_PAYLOAD,GET,133,1
T008271,Rate Limit,ERR_AUTH,POST,736,0
T008231,Payload Error,ERR_PAYLOAD,GET,213,2
T007248,Schema Mismatch,ERR_500,DELETE,396,0
T001788,Timeout,ERR_RATE,GET,6,1
T004098,Rate Limit,ERR_AUTH,DELETE,17,0
T004191,Payload Error,ERR_PAYLOAD,GET,0,0
T002253,Rate Limit,ERR_RATE,GET,9,2
T002359,Rate Limit,ERR_500,POST,241,1
T009813,Timeout,ERR_SCHEMA,POST,459,0
T004955,Auth Failure,ERR_AUTH,POST,15,0
T007641,500 Server Error,ERR_TIMEOUT,GET,95,0
T005292,500 Server Error,ERR_RATE,GET,185,1
T000323,Auth Failure,ERR_SCHEMA,GET,212,0
T010643,500 Server Error,ERR_PAYLOAD,POST,328,0
T001367,Rate Limit,ERR_500,PUT,23,0
T001687,Auth Failure,ERR_TIMEOUT,PUT,437,0
T005925,Timeout,ERR_PAYLOAD,GET,47,0
T002089,500 Server Error,ERR_AUTH,POST,160,3
T001862,Timeout,ERR_TIMEOUT,DELETE,100,3
T003276,Timeout,ERR_500,POST,203,2
T007097,Auth Failure,ERR_RATE,GET,70,0
T007640,Schema Mismatch,ERR_500,GET,375,0
T003153,500 Server Error,ERR_RATE,GET,284,0
T000292,Schema Mismatch,ERR_PAYLOAD,POST,298,1
T004807,Timeout,ERR_500,GET,380,0
T003803,Rate Limit,ERR_500,POST,71,0
T009202,500 Server Error,ERR_500,POST,250,0
T001419,Schema Mismatch,ERR_PAYLOAD,GET,244,0
T009144,Rate Limit,ERR_500,GET,320,0
T000935,Rate Limit,ERR_RATE,GET,455,0
T010189,Payload Error,ERR_PAYLOAD,GET,690,0
T007666,Timeout,ERR_500,PUT,38,0
T007431,Schema Mismatch,ERR_TIMEOUT,POST,38,0
T010513,Auth Failure,ERR_SCHEMA,GET,36,0
T000658,Auth Failure,ERR_RATE,POST,667,1
T001073,Rate Limit,ERR_AUTH,GET,126,0
T006678,500 Server Error,ERR_RATE,GET,330,0
T005015,Timeout,ERR_SCHEMA,POST,136,0
T010597,500 Server Error,ERR_TIMEOUT,GET,193,0
T000879,Timeout,ERR_TIMEOUT,GET,291,0
T003717,Auth Failure,ERR_500,PUT,164,0
T002089,Rate Limit,ERR_PAYLOAD,PUT,28,0
T005620,Timeout,ERR_AUTH,GET,258,0
T008615,500 Server Error,ERR_RATE,GET,649,3
T005936,Schema Mismatch,ERR_SCHEMA,POST,216,1
T001059,Schema Mismatch,ERR_RATE,GET,716,1
T002341,Rate Limit,ERR_500,PUT,259,1
T010513,Rate Limit,ERR_TIMEOUT,DELETE,333,0
T003385,Auth Failure,ERR_500,POST,113,2
T010361,Rate Limit,ERR_SCHEMA,POST,162,0
T001024,Rate Limit,ERR_RATE,POST,280,2
T001164,Auth Failure,ERR_SCHEMA,PUT,475,1
T002820,Auth Failure,ERR_PAYLOAD,POST,379,0
T004243,Auth Failure,ERR_500,POST,319,1
T001924,500 Server Error,ERR_RATE,POST,899,1
T002256,Payload Error,ERR_RATE,POST,13,2
T001094,Timeout,ERR_TIMEOUT,PUT,667,1
T003143,Schema Mismatch,ERR_SCHEMA,PUT,167,1
T008888,500 Server Error,ERR_PAYLOAD,GET,59,3
T005714,Timeout,ERR_PAYLOAD,GET,34,0
T003814,Timeout,ERR_500,POST,1179,2
T003424,Schema Mismatch,ERR_RATE,POST,934,0
T006410,500 Server Error,ERR_TIMEOUT,GET,1341,1
T001825,Timeout,ERR_AUTH,POST,275,0
T004983,Auth Failure,ERR_RATE,GET,211,0
T009306,Payload Error,ERR_TIMEOUT,GET,335,0
T006915,Payload Error,ERR_RATE,DELETE,120,0
T007253,Timeout,ERR_PAYLOAD,POST,112,0
T007843,Auth Failure,ERR_AUTH,GET,244,0
T001929,500 Server Error,ERR_PAYLOAD,POST,608,1
T001623,500 Server Error,ERR_SCHEMA,GET,975,2
T008860,Timeout,ERR_RATE,POST,125,0
T005983,Rate Limit,ERR_500,GET,688,0
T008530,Timeout,ERR_TIMEOUT,DELETE,41,1
T006465,Auth Failure,ERR_PAYLOAD,POST,44,0
T007913,Rate Limit,ERR_RATE,PUT,925,0
T010863,Timeout,ERR_SCHEMA,POST,811,1
T006123,Payload Error,ERR_RATE,PUT,37,0
T004190,Auth Failure,ERR_PAYLOAD,PUT,731,0
T010108,Auth Failure,ERR_RATE,GET,197,0
T001117,Timeout,ERR_PAYLOAD,GET,545,1
T002010,Rate Limit,ERR_500,POST,103,0
T003124,Timeout,ERR_PAYLOAD,PUT,366,0
T006629,Timeout,ERR_AUTH,PUT,633,0
T001694,Payload Error,ERR_500,GET,481,0
T000658,500 Server Error,ERR_TIMEOUT,POST,131,0
T002462,Rate Limit,ERR_500,POST,25,2
T004605,Rate Limit,ERR_SCHEMA,PUT,572,0
T004265,Rate Limit,ERR_TIMEOUT,PUT,140,2
T005909,Schema Mismatch,ERR_PAYLOAD,GET,273,1
T004078,Schema Mismatch,ERR_500,GET,4,2
T003941,Auth Failure,ERR_AUTH,GET,1040,0
T001523,Timeout,ERR_TIMEOUT,POST,44,1
T006410,Schema Mismatch,ERR_500,GET,313,0
T000360,Auth Failure,ERR_PAYLOAD,GET,495,1
T002840,Schema Mismatch,ERR_500,PUT,34,0
T008252,Rate Limit,ERR_TIMEOUT,POST,253,0
T007406,Schema Mismatch,ERR_RATE,GET,983,0
T008476,Rate Limit,ERR_500,GET,719,1
T000300,Auth Failure,ERR_TIMEOUT,POST,95,0
T008070,Schema Mismatch,ERR_TIMEOUT,PUT,975,2
T007249,500 Server Error,ERR_500,POST,996,0
T008610,Payload Error,ERR_SCHEMA,DELETE,182,0
T010496,Timeout,ERR_PAYLOAD,DELETE,51,0
T009383,Rate Limit,ERR_PAYLOAD,GET,20,0
T005036,500 Server Error,ERR_RATE,GET,179,1
T000957,Timeout,ERR_RATE,PUT,231,0
T005042,Auth Failure,ERR_RATE,PUT,90,1
T007456,Payload Error,ERR_AUTH,GET,1,0
T005936,Timeout,ERR_RATE,GET,43,0
T007599,500 Server Error,ERR_PAYLOAD,GET,82,0
T006613,Timeout,ERR_500,GET,112,1
T009435,Timeout,ERR_SCHEMA,GET,161,1
T007677,Timeout,ERR_500,GET,379,3
T004889,Auth Failure,ERR_AUTH,GET,458,1
T006043,Timeout,ERR_TIMEOUT,POST,129,0
T004838,Auth Failure,ERR_PAYLOAD,GET,758,0
T002994,Rate Limit,ERR_RATE,PUT,57,0
T004266,Rate Limit,ERR_SCHEMA,PUT,116,0
T008354,Timeout,ERR_500,POST,45,0
T005172,Payload Error,ERR_SCHEMA,PUT,334,3
T006078,Auth Failure,ERR_AUTH,GET,73,0
T010614,Auth Failure,ERR_PAYLOAD,GET,342,0
T010899,Payload Error,ERR_PAYLOAD,GET,12,0
T010291,Auth Failure,ERR_SCHEMA,GET,69,0
T003219,Timeout,ERR_SCHEMA,POST,197,2
T009041,Timeout,ERR_RATE,PUT,449,0
T006381,500 Server Error,ERR_PAYLOAD,PUT,51,1
T004226,Timeout,ERR_TIMEOUT,GET,72,0
T008285,500 Server Error,ERR_AUTH,GET,282,0
T002385,Payload Error,ERR_SCHEMA,POST,508,0
T001226,Rate Limit,ERR_PAYLOAD,GET,247,1
T009200,Rate Limit,ERR_RATE,POST,286,0
T004150,Timeout,ERR_RATE,GET,1180,0
T009950,500 Server Error,ERR_SCHEMA,GET,473,1
T002731,Schema Mismatch,ERR_RATE,GET,184,0
T001464,Timeout,ERR_PAYLOAD,POST,27,0
T004285,Timeout,ERR_TIMEOUT,POST,641,0
T000629,Auth Failure,ERR_AUTH,GET,498,2
T002820,Payload Error,ERR_PAYLOAD,PUT,167,1
T004594,Timeout,ERR_AUTH,POST,484,1
T006078,Auth Failure,ERR_500,GET,390,0
T005730,Timeout,ERR_PAYLOAD,POST,66,1
T001523,Schema Mismatch,ERR_SCHEMA,GET,57,2
T000347,Timeout,ERR_AUTH,DELETE,456,1
T006497,Auth Failure,ERR_AUTH,POST,246,0
T004944,Rate Limit,ERR_SCHEMA,GET,177,0
T004487,Timeout,ERR_500,GET,138,1
T001661,Auth Failure,ERR_TIMEOUT,PUT,380,0
T010006,Auth Failure,ERR_500,POST,154,0
T002820,Payload Error,ERR_TIMEOUT,GET,3,1
T000989,500 Server Error,ERR_500,POST,112,1
T005735,Schema Mismatch,ERR_PAYLOAD,POST,707,1
T010897,Auth Failure,ERR_TIMEOUT,POST,138,1
T010073,Payload Error,ERR_PAYLOAD,PUT,12,1
T000067,Payload Error,ERR_500,GET,392,2
T004575,Timeout,ERR_AUTH,POST,96,0
T005703,Rate Limit,ERR_SCHEMA,POST,18,0
T000671,Schema Mismatch,ERR_SCHEMA,DELETE,480,0
T004135,Payload Error,ERR_TIMEOUT,POST,1,0
T007486,500 Server Error,ERR_500,GET,52,0
T006970,Rate Limit,ERR_AUTH,GET,66,0
T010644,500 Server Error,ERR_PAYLOAD,POST,350,0
T007983,Payload Error,ERR_PAYLOAD,DELETE,35,0
T006348,Rate Limit,ERR_500,GET,366,0
T000926,500 Server Error,ERR_RATE,POST,114,1
T010200,Timeout,ERR_SCHEMA,POST,215,0
T005662,Auth Failure,ERR_TIMEOUT,PUT,508,0
T007203,Timeout,ERR_AUTH,POST,175,0
T005605,500 Server Error,ERR_500,GET,50,0
T010990,Timeout,ERR_RATE,GET,44,2
T001623,Timeout,ERR_AUTH,POST,145,1
T007612,Auth Failure,ERR_500,POST,50,2
T010108,Rate Limit,ERR_RATE,GET,298,0
T002395,Timeout,ERR_RATE,POST,272,0
T009776,Auth Failure,ERR_AUTH,GET,372,1
T000212,Rate Limit,ERR_TIMEOUT,PUT,278,0
T000750,Timeout,ERR_SCHEMA,GET,133,1
T005152,Auth Failure,ERR_500,GET,272,2
T001339,Auth Failure,ERR_PAYLOAD,GET,600,0
T002157,500 Server Error,ERR_SCHEMA,POST,12,3
T009164,Timeout,ERR_RATE,POST,28,1
T002546,Rate Limit,ERR_500,GET,1148,0
T001746,Auth Failure,ERR_RATE,POST,438,0
T000242,500 Server Error,ERR_SCHEMA,GET,22,0
T001760,Schema Mismatch,ERR_AUTH,POST,843,0
T009467,Payload Error,ERR_SCHEMA,POST,855,0
T003983,Rate Limit,ERR_500,PUT,340,1
T005373,Payload Error,ERR_SCHEMA,POST,754,1
T008467,500 Server Error,ERR_PAYLOAD,GET,125,0
T009240,Timeout,ERR_AUTH,PUT,155,0
T006698,500 Server Error,ERR_AUTH,POST,174,0
T000191,Rate Limit,ERR_PAYLOAD,GET,742,0
T010150,Timeout,ERR_RATE,PUT,848,3
T008471,Schema Mismatch,ERR_500,PUT,271,0
T010805,Payload Error,ERR_PAYLOAD,GET,707,2
T003101,500 Server Error,ERR_SCHEMA,POST,581,2
T007590,Schema Mismatch,ERR_AUTH,POST,165,3
T007431,Schema Mismatch,ERR_TIMEOUT,PUT,364,0
T009689,Rate Limit,ERR_AUTH,GET,61,1
T005159,Rate Limit,ERR_RATE,POST,48,2
T006920,Payload Error,ERR_PAYLOAD,POST,340,1
T005347,Rate Limit,ERR_500,GET,171,0
T008917,Timeout,ERR_SCHEMA,GET,357,0
T009025,500 Server Error,ERR_SCHEMA,GET,474,0
T006142,Rate Limit,ERR_SCHEMA,GET,163,0
T000804,Timeout,ERR_RATE,POST,907,0
T005282,Schema Mismatch,ERR_RATE,GET,739,1
T005131,Timeout,ERR_AUTH,DELETE,30,0
T008900,Schema Mismatch,ERR_SCHEMA,GET,43,1
T000160,Rate Limit,ERR_RATE,POST,42,0
T001819,Rate Limit,ERR_TIMEOUT,GET,225,0
T008471,Auth Failure,ERR_PAYLOAD,PUT,190,0
T007400,Schema Mismatch,ERR_AUTH,DELETE,645,0
T010106,Timeout,ERR_SCHEMA,DELETE,138,1
T003484,Payload Error,ERR_500,GET,182,1
T003320,Timeout,ERR_AUTH,POST,635,0
T000191,Schema Mismatch,ERR_AUTH,PUT,241,0
T006619,Schema Mismatch,ERR_SCHEMA,GET,275,1
T000160,Auth Failure,ERR_AUTH,GET,37,1
T001924,Rate Limit,ERR_500,GET,9,0
T010130,Payload Error,ERR_500,GET,466,0
T003951,Auth Failure,ERR_TIMEOUT,POST,102,0
T000944,Timeout,ERR_500,POST,208,0
T003416,Schema Mismatch,ERR_SCHEMA,GET,563,0
T004023,Timeout,ERR_PAYLOAD,GET,155,0
T006124,Timeout,ERR_RATE,GET,805,3
T002908,Timeout,ERR_500,GET,337,0
T007563,Rate Limit,ERR_AUTH,GET,18,2
T004275,Auth Failure,ERR_PAYLOAD,PUT,39,0
T006769,Rate Limit,ERR_PAYLOAD,PUT,503,2
T006968,500 Server Error,ERR_AUTH,POST,1419,1
T006962,Rate Limit,ERR_TIMEOUT,POST,55,0
T008445,Schema Mismatch,ERR_SCHEMA,DELETE,243,2
T008352,Timeout,ERR_500,POST,167,1
T006860,Schema Mismatch,ERR_SCHEMA,POST,133,0
T002840,Rate Limit,ERR_500,PUT,398,0
T002518,Timeout,ERR_TIMEOUT,POST,5,0
T001825,Payload Error,ERR_TIMEOUT,GET,343,0
T002044,Timeout,ERR_AUTH,GET,39,0
T010817,500 Server Error,ERR_500,POST,151,0
T010732,Auth Failure,ERR_RATE,POST,145,0
T006339,Timeout,ERR_500,DELETE,115,0
T006505,Payload Error,ERR_PAYLOAD,POST,912,0
T005716,Auth Failure,ERR_500,GET,316,0
T002793,Rate Limit,ERR_RATE,DELETE,150,0
T001862,500 Server Error,ERR_PAYLOAD,GET,37,1
T009689,Rate Limit,ERR_SCHEMA,POST,32,1
T005173,500 Server Error,ERR_RATE,GET,358,1
T004312,Rate Limit,ERR_SCHEMA,GET,56,0
T004955,Auth Failure,ERR_SCHEMA,POST,345,1
T006064,500 Server Error,ERR_AUTH,GET,939,0
T006433,Timeout,ERR_PAYLOAD,GET,406,0
T006648,Schema Mismatch,ERR_TIMEOUT,GET,182,2
T010150,Auth Failure,ERR_TIMEOUT,GET,318,0
T002491,Timeout,ERR_RATE,GET,46,1
T003681,Rate Limit,ERR_PAYLOAD,GET,151,0
T006052,Auth Failure,ERR_SCHEMA,GET,229,0
T002994,Timeout,ERR_AUTH,GET,121,3
T003543,500 Server Error,ERR_PAYLOAD,PUT,249,0
T005604,Rate Limit,ERR_500,DELETE,54,1
T006252,Rate Limit,ERR_AUTH,GET,465,2
T008758,Rate Limit,ERR_AUTH,GET,137,0
T010295,Rate Limit,ERR_500,POST,75,0
T009253,Schema Mismatch,ERR_500,PUT,204,1
T006123,Auth Failure,ERR_AUTH,GET,277,0
T005203,Rate Limit,ERR_PAYLOAD,GET,211,1
T000760,500 Server Error,ERR_500,GET,20,0
T006209,Timeout,ERR_SCHEMA,DELETE,121,1
T009279,500 Server Error,ERR_TIMEOUT,PUT,71,0
T010220,Auth Failure,ERR_TIMEOUT,GET,481,0
T003143,Payload Error,ERR_500,POST,1006,0
T000886,Auth Failure,ERR_PAYLOAD,POST,330,0
T008696,500 Server Error,ERR_500,GET,782,2
T002877,Rate Limit,ERR_AUTH,POST,498,2
T000797,500 Server Error,ERR_TIMEOUT,PUT,16,1
T009167,Payload Error,ERR_PAYLOAD,PUT,536,0
T005244,Timeout,ERR_SCHEMA,GET,369,0
T005537,Auth Failure,ERR_AUTH,POST,86,1
T008152,Auth Failure,ERR_500,POST,116,0
T001788,Timeout,ERR_PAYLOAD,POST,429,0
T001594,Schema Mismatch,ERR_TIMEOUT,PUT,798,0
T003644,Rate Limit,ERR_SCHEMA,GET,70,0
T004323,Timeout,ERR_PAYLOAD,POST,440,0
T009885,Rate Limit,ERR_500,GET,402,1
T010595,Payload Error,ERR_RATE,GET,461,0
T009166,Timeout,ERR_TIMEOUT,PUT,206,0
T002045,Rate Limit,ERR_SCHEMA,PUT,11,0
T008975,Timeout,ERR_RATE,GET,43,2
T009930,Payload Error,ERR_SCHEMA,GET,165,2
T003464,Timeout,ERR_TIMEOUT,GET,384,1
T005653,Rate Limit,ERR_PAYLOAD,GET,531,0
T008886,Timeout,ERR_SCHEMA,GET,471,2
T008007,Timeout,ERR_500,GET,356,2
T002397,500 Server Error,ERR_AUTH,GET,524,0
T002227,Timeout,ERR_SCHEMA,GET,252,0
T004354,Timeout,ERR_AUTH,POST,0,0
T004218,Schema Mismatch,ERR_500,POST,299,0
T000116,Rate Limit,ERR_TIMEOUT,POST,598,0
T001865,Auth Failure,ERR_500,PUT,209,0
T010517,500 Server Error,ERR_RATE,PUT,292,0
T008091,Schema Mismatch,ERR_PAYLOAD,GET,619,0
T001439,Auth Failure,ERR_RATE,PUT,666,0
T005737,Rate Limit,ERR_RATE,PUT,400,0
T001983,Rate Limit,ERR_SCHEMA,GET,90,0
T007378,Timeout,ERR_TIMEOUT,GET,28,0
T010789,Rate Limit,ERR_500,PUT,98,0
T008908,Rate Limit,ERR_PAYLOAD,DELETE,1151,1
T008150,Rate Limit,ERR_TIMEOUT,POST,211,0
T002388,Rate Limit,ERR_500,GET,490,0
T009345,Timeout,ERR_AUTH,POST,89,0
T009737,Rate Limit,ERR_AUTH,GET,575,1
T001175,Rate Limit,ERR_TIMEOUT,POST,112,0
T007177,Schema Mismatch,ERR_TIMEOUT,GET,1067,1
T009288,Auth Failure,ERR_RATE,GET,257,0
T009904,500 Server Error,ERR_PAYLOAD,PUT,648,0
T003890,500 Server Error,ERR_PAYLOAD,POST,0,0
T003132,500 Server Error,ERR_500,GET,124,0
T010065,Rate Limit,ERR_500,POST,145,1
T003124,Rate Limit,ERR_500,DELETE,323,0
T003997,Payload Error,ERR_AUTH,GET,234,2
T001695,Timeout,ERR_RATE,GET,338,2
T008619,Timeout,ERR_TIMEOUT,POST,170,0
T000745,Rate Limit,ERR_500,PUT,91,0
T008375,500 Server Error,ERR_500,PUT,887,1
T001856,Timeout,ERR_RATE,POST,70,0
T002380,Payload Error,ERR_PAYLOAD,POST,553,0
T000080,Rate Limit,ERR_500,POST,692,1
T001288,Auth Failure,ERR_PAYLOAD,POST,96,0
T008083,Timeout,ERR_PAYLOAD,POST,262,0
T010896,Rate Limit,ERR_500,GET,402,1
T002138,500 Server Error,ERR_PAYLOAD,POST,624,0
T002477,Auth Failure,ERR_500,GET,536,2
T002067,Rate Limit,ERR_TIMEOUT,POST,510,1
T003531,Timeout,ERR_RATE,GET,21,1
T003396,Auth Failure,ERR_500,POST,1132,3
T005761,500 Server Error,ERR_500,POST,221,0
T010780,Schema Mismatch,ERR_500,GET,110,0
T005747,Rate Limit,ERR_PAYLOAD,GET,65,1
T002821,Rate Limit,ERR_SCHEMA,GET,974,0
T004538,Payload Error,ERR_TIMEOUT,GET,18,0
T000209,Timeout,ERR_TIMEOUT,POST,798,1
T006648,Payload Error,ERR_AUTH,GET,72,0
T005703,Payload Error,ERR_TIMEOUT,GET,1124,0
T007356,500 Server Error,ERR_AUTH,PUT,12,0
T004286,Timeout,ERR_RATE,GET,42,1
T007253,Schema Mismatch,ERR_AUTH,GET,3,0
T006262,Rate Limit,ERR_AUTH,PUT,3,0
T004813,Timeout,ERR_TIMEOUT,GET,778,0
T004208,Rate Limit,ERR_SCHEMA,POST,436,0
T008713,Rate Limit,ERR_AUTH,PUT,678,0
T010899,Timeout,ERR_TIMEOUT,POST,9,1
T010705,Rate Limit,ERR_SCHEMA,PUT,20,0
T008285,Rate Limit,ERR_500,POST,1520,2
T009552,500 Server Error,ERR_TIMEOUT,PUT,202,0
T005352,Schema Mismatch,ERR_500,GET,43,0
T000333,Rate Limit,ERR_SCHEMA,DELETE,176,1
T005576,Auth Failure,ERR_AUTH,POST,33,3
T005370,500 Server Error,ERR_AUTH,POST,1192,2
T007285,Timeout,ERR_AUTH,GET,380,0
T001761,Timeout,ERR_PAYLOAD,GET,66,3
T000202,500 Server Error,ERR_RATE,GET,247,0
T003958,Payload Error,ERR_SCHEMA,PUT,386,0
T000804,Payload Error,ERR_SCHEMA,POST,403,1
T001336,Payload Error,ERR_TIMEOUT,POST,107,0
T005563,Auth Failure,ERR_RATE,PUT,23,0
T003236,Rate Limit,ERR_AUTH,PUT,635,1
T003480,Rate Limit,ERR_SCHEMA,POST,801,2
T005781,Timeout,ERR_TIMEOUT,PUT,234,1
T009828,Timeout,ERR_TIMEOUT,PUT,599,0
T000478,Payload Error,ERR_AUTH,GET,233,0
T007658,Timeout,ERR_RATE,GET,90,2
T001981,500 Server Error,ERR_500,GET,321,2
T009200,Auth Failure,ERR_RATE,GET,250,2
T004551,Timeout,ERR_RATE,GET,710,1
T006698,Payload Error,ERR_500,POST,852,0
T000985,Auth Failure,ERR_500,PUT,173,0
T002947,500 Server Error,ERR_500,GET,57,0
T010995,Rate Limit,ERR_AUTH,POST,463,0
T000997,Payload Error,ERR_SCHEMA,PUT,79,1
T010661,Rate Limit,ERR_PAYLOAD,POST,262,0
T008989,500 Server Error,ERR_AUTH,PUT,331,0
T009616,Rate Limit,ERR_PAYLOAD,PUT,567,0
T008069,500 Server Error,ERR_RATE,GET,69,0
T005110,Timeout,ERR_RATE,PUT,540,0
T002429,Auth Failure,ERR_RATE,POST,214,0
T005152,Auth Failure,ERR_SCHEMA,DELETE,227,1
T003492,Timeout,ERR_500,GET,824,0
T002990,Payload Error,ERR_SCHEMA,POST,143,3
T000569,Auth Failure,ERR_TIMEOUT,PUT,9,2
T009569,500 Server Error,ERR_TIMEOUT,GET,92,1
T000358,Rate Limit,ERR_500,GET,436,1
T008955,Payload Error,ERR_SCHEMA,GET,569,0
T009906,500 Server Error,ERR_500,GET,209,1
T003304,500 Server Error,ERR_RATE,PUT,188,0
T007656,Rate Limit,ERR_PAYLOAD,GET,130,2
T002929,Auth Failure,ERR_TIMEOUT,GET,529,0
T006624,Rate Limit,ERR_AUTH,GET,161,1
T007821,Rate Limit,ERR_500,GET,85,1
T004807,Timeout,ERR_AUTH,PUT,386,0
T008687,Timeout,ERR_500,GET,218,0
T007154,Auth Failure,ERR_TIMEOUT,POST,24,0
T001439,Auth Failure,ERR_PAYLOAD,PUT,341,2
T003612,Timeout,ERR_SCHEMA,POST,158,3
T000565,Rate Limit,ERR_TIMEOUT,POST,575,1
T005287,Rate Limit,ERR_RATE,POST,864,0
T002947,Schema Mismatch,ERR_AUTH,POST,1009,0
T004433,Timeout,ERR_RATE,POST,1351,0
T004944,Payload Error,ERR_AUTH,PUT,581,0
T007970,500 Server Error,ERR_SCHEMA,PUT,136,2
T000057,500 Server Error,ERR_TIMEOUT,POST,89,1
T002780,Payload Error,ERR_500,GET,67,1
T008955,Schema Mismatch,ERR_AUTH,POST,402,0
T004276,Rate Limit,ERR_SCHEMA,GET,306,0
T004862,Payload Error,ERR_RATE,GET,257,0
T005765,Timeout,ERR_AUTH,POST,159,0
T001954,Timeout,ERR_AUTH,GET,441,1
T010828,Auth Failure,ERR_SCHEMA,GET,156,2
T000594,Timeout,ERR_SCHEMA,GET,178,0
T004679,Timeout,ERR_PAYLOAD,PUT,122,2
T002921,Schema Mismatch,ERR_SCHEMA,POST,189,1
T001904,500 Server Error,ERR_AUTH,GET,39,0
T001059,500 Server Error,ERR_AUTH,POST,750,0
T004298,Rate Limit,ERR_AUTH,PUT,417,0
T004197,Timeout,ERR_PAYLOAD,POST,247,0
T001432,Timeout,ERR_500,GET,602,0
T001008,Rate Limit,ERR_SCHEMA,GET,45,0
T009224,500 Server Error,ERR_SCHEMA,GET,43,0
T006534,Rate Limit,ERR_PAYLOAD,GET,443,1
T008860,Rate Limit,ERR_AUTH,GET,143,0
T001892,Timeout,ERR_PAYLOAD,GET,453,0
T003612,Rate Limit,ERR_TIMEOUT,GET,477,0
T001485,Rate Limit,ERR_TIMEOUT,DELETE,737,1
T010829,Auth Failure,ERR_PAYLOAD,POST,114,2
T003543,500 Server Error,ERR_RATE,GET,16,0
T000001,500 Server Error,ERR_AUTH,GET,198,0
T008720,Schema Mismatch,ERR_AUTH,DELETE,25,0
T009610,Rate Limit,ERR_AUTH,GET,217,1
T004530,Timeout,ERR_SCHEMA,GET,610,0
T008551,Schema Mismatch,ERR_TIMEOUT,GET,230,0
T010073,Rate Limit,ERR_500,GET,61,0
T004604,Schema Mismatch,ERR_AUTH,POST,76,0
T008713,Rate Limit,ERR_TIMEOUT,GET,611,0
T009081,Auth Failure,ERR_SCHEMA,GET,560,0
T004530,Timeout,ERR_SCHEMA,GET,186,1
T010348,Timeout,ERR_AUTH,DELETE,430,0
T010992,Timeout,ERR_PAYLOAD,GET,4,1
T005059,Rate Limit,ERR_500,PUT,602,0
T008882,Rate Limit,ERR_TIMEOUT,POST,65,1
T008619,Schema Mismatch,ERR_RATE,POST,81,0
T000566,Auth Failure,ERR_TIMEOUT,GET,234,1
T002044,Timeout,ERR_TIMEOUT,DELETE,186,2
T004150,Auth Failure,ERR_500,POST,45,2
T007604,Payload Error,ERR_500,PUT,361,2
T009673,Payload Error,ERR_SCHEMA,POST,258,2
T001173,Timeout,ERR_TIMEOUT,GET,714,2
T010332,Schema Mismatch,ERR_500,POST,1006,1
T003647,Auth Failure,ERR_500,GET,149,0
T003666,Auth Failure,ERR_PAYLOAD,GET,144,0
T008850,Auth Failure,ERR_TIMEOUT,GET,576,0
T006888,500 Server Error,ERR_TIMEOUT,GET,38,0
T009552,Schema Mismatch,ERR_TIMEOUT,PUT,10,2
T002518,500 Server Error,ERR_SCHEMA,GET,5,3
T008724,Timeout,ERR_AUTH,POST,917,0
T010291,500 Server Error,ERR_AUTH,PUT,174,0
T005351,500 Server Error,ERR_AUTH,GET,307,0
T001761,Rate Limit,ERR_AUTH,POST,43,0
T006252,Timeout,ERR_SCHEMA,GET,12,0
T009247,Rate Limit,ERR_TIMEOUT,PUT,651,0
T010360,Timeout,ERR_PAYLOAD,DELETE,403,3
T000209,Auth Failure,ERR_TIMEOUT,GET,422,1
T004899,500 Server Error,ERR_RATE,GET,188,3
T006713,Auth Failure,ERR_500,GET,294,0
T000081,Timeout,ERR_TIMEOUT,DELETE,291,0
T009117,Timeout,ERR_TIMEOUT,GET,1342,3
T001384,500 Server Error,ERR_PAYLOAD,GET,189,0
T005730,Auth Failure,ERR_RATE,POST,150,0
T008858,Schema Mismatch,ERR_PAYLOAD,POST,371,1
T006826,500 Server Error,ERR_RATE,POST,347,1
T003474,Auth Failure,ERR_PAYLOAD,GET,274,2
T008074,Auth Failure,ERR_SCHEMA,PUT,148,1
T008871,Timeout,ERR_AUTH,POST,176,3
T001075,500 Server Error,ERR_500,PUT,85,1
T000056,Rate Limit,ERR_500,GET,80,0
T010449,Payload Error,ERR_SCHEMA,GET,593,1
T006720,Auth Failure,ERR_AUTH,GET,73,0
T005040,Auth Failure,ERR_RATE,POST,561,0
T004617,Rate Limit,ERR_RATE,GET,59,0
T000580,500 Server Error,ERR_TIMEOUT,GET,235,0
T000808,Payload Error,ERR_TIMEOUT,GET,193,2
T006860,Schema Mismatch,ERR_500,PUT,433,0
T003890,Timeout,ERR_PAYLOAD,DELETE,654,1
T002224,Payload Error,ERR_SCHEMA,GET,87,3
T003835,Timeout,ERR_RATE,PUT,182,1
T010002,Schema Mismatch,ERR_SCHEMA,GET,60,1
T008144,Timeout,ERR_RATE,GET,125,0
T007518,Auth Failure,ERR_500,GET,85,0
T001484,Schema Mismatch,ERR_PAYLOAD,GET,1016,1
T001124,Timeout,ERR_RATE,GET,172,0
T002136,Payload Error,ERR_SCHEMA,POST,94,0
T003790,Payload Error,ERR_RATE,PUT,33,1
T007361,Auth Failure,ERR_500,POST,128,3
T003612,Rate Limit,ERR_500,POST,694,1
T009146,Timeout,ERR_RATE,GET,371,2
T010969,Timeout,ERR_RATE,POST,44,0
T004009,Auth Failure,ERR_PAYLOAD,POST,3,0
T010972,Schema Mismatch,ERR_AUTH,PUT,278,0
T009548,500 Server Error,ERR_RATE,GET,953,1
T009383,Rate Limit,ERR_500,PUT,100,0
T007194,Schema Mismatch,ERR_TIMEOUT,GET,142,0
T006349,500 Server Error,ERR_AUTH,GET,512,1
T010930,Schema Mismatch,ERR_SCHEMA,GET,141,0
T010576,Rate Limit,ERR_SCHEMA,DELETE,231,0
T009532,Timeout,ERR_SCHEMA,DELETE,10,0
T007754,Auth Failure,ERR_TIMEOUT,DELETE,341,1
T004661,Auth Failure,ERR_AUTH,GET,5,1
T004813,500 Server Error,ERR_TIMEOUT,GET,138,1
T005961,Auth Failure,ERR_500,GET,26,0
T010618,Rate Limit,ERR_RATE,DELETE,14,1
T006738,Auth Failure,ERR_TIMEOUT,POST,1,0
T006931,Rate Limit,ERR_500,POST,6,1
T000331,Timeout,ERR_AUTH,GET,266,0
T008977,Rate Limit,ERR_500,DELETE,5,0
T010838,Rate Limit,ERR_SCHEMA,POST,23,3
T004727,Timeout,ERR_500,POST,158,1
T000116,Timeout,ERR_SCHEMA,POST,156,1
T006676,Timeout,ERR_AUTH,GET,91,2
T004433,Timeout,ERR_TIMEOUT,GET,327,3
T001634,Timeout,ERR_AUTH,GET,20,0
T000360,Auth Failure,ERR_AUTH,POST,101,0
T003440,Auth Failure,ERR_PAYLOAD,PUT,356,1
